{"0": "Toy Story (1995)", "1": "Jumanji (1995)", "2": "Grumpier Old Men (1995)", "3": "Waiting to Exhale (1995)", "4": "Father of the Bride Part II (1995)", "5": "Tom and Huck (1995)", "6": "GoldenEye (1995)", "7": "American President, The (1995)", "8": "Dracula: Dead and Loving It (1995)", "9": "Balto (1995)", "10": "Nixon (1995)", "11": "Cutthroat Island (1995)", "12": "Sense and Sensibility (1995)", "13": "Four Rooms (1995)", "14": "Ace Ventura: When Nature Calls (1995)", "15": "Money Train (1995)", "16": "Get Shorty (1995)", "17": "Leaving Las Vegas (1995)", "18": "Now and Then (1995)", "19": "City of Lost Children, The (1995)", "20": "Shanghai Triad (Yao a yao yao dao waipo qiao) (1995)", "21": "Dangerous Minds (1995)", "22": "Twelve Monkeys (1995)", "23": "Wings of Courage (1995)", "24": "Carrington (1995)", "25": "Across the Sea of Time (1995)", "26": "Clueless (1995)", "27": "Dead Presidents (1995)", "28": "Mortal Kombat (1995)", "29": "How to Make an American Quilt (1995)", "30": "When Night Is Falling (1995)", "31": "Usual Suspects, The (1995)", "32": "Mighty Aphrodite (1995)", "33": "Lamerica (1994)", "34": "Big Green, The (1995)", "35": "Kids of the Round Table (1995)", "36": "Postino, Il (The Postman) (1994)", "37": "Indian in the Cupboard, The (1995)", "38": "Mr. Holland's Opus (1995)", "39": "Don't Be a Menace to South Central While Drinking Your Juice in the Hood (1996)", "40": "Bio-Dome (1996)", "41": "Lawnmower Man 2: Beyond Cyberspace (1996)", "42": "Two Bits (1995)", "43": "From Dusk Till Dawn (1996)", "44": "Kicking and Screaming (1995)", "45": "Big Bully (1996)", "46": "Nico Icon (1995)", "47": "Crossing Guard, The (1995)", "48": "Juror, The (1996)", "49": "White Balloon, The (Badkonake Sefid ) (1995)", "50": "Antonia's Line (Antonia) (1995)", "51": "Once Upon a Time... When We Were Colored (1995)", "52": "Last Summer in the Hamptons (1995)", "53": "Angels and Insects (1995)", "54": "White Squall (1996)", "55": "Dunston Checks In (1996)", "56": "Journey of August King, The (1995)", "57": "Mary Reilly (1996)", "58": "Vampire in Brooklyn (1995)", "59": "In the Bleak Midwinter (1995)", "60": "Heidi Fleiss: Hollywood Madam (1995)", "61": "City Hall (1996)", "62": "Mr. Wrong (1996)", "63": "Happy Gilmore (1996)", "64": "Bridges of Madison County, The (1995)", "65": "Nobody Loves Me (Keiner liebt mich) (1994)", "66": "Muppet Treasure Island (1996)", "67": "Headless Body in Topless Bar (1995)", "68": "Rumble in the Bronx (1995)", "69": "Margaret's Museum (1995)", "70": "Happiness Is in the Field (1995)", "71": "Anne Frank Remembered (1995)", "72": "Young Poisoner's Handbook, The (1995)", "73": "If Lucy Fell (1996)", "74": "Race the Sun (1996)", "75": "Boys of St. Vincent, The (1993)", "76": "Chungking Express (1994)", "77": "NeverEnding Story III, The (1994)", "78": "Jupiter's Wife (1994)", "79": "Frankie Starlight (1995)", "80": "Nueba Yol (1995)", "81": "Sonic Outlaws (1995)", "82": "Down Periscope (1996)", "83": "From the Journals of Jean Seberg (1995)", "84": "Neon Bible, The (1995)", "85": "Birdcage, The (1996)", "86": "Gospa (1995)", "87": "Brothers McMullen, The (1995)", "88": "Amazing Panda Adventure, The (1995)", "89": "Basketball Diaries, The (1995)", "90": "Awfully Big Adventure, An (1995)", "91": "Apollo 13 (1995)", "92": "Addiction, The (1995)", "93": "Batman Forever (1995)", "94": "Beyond Rangoon (1995)", "95": "Blue in the Face (1995)", "96": "Canadian Bacon (1994)", "97": "Casper (1995)", "98": "Clockers (1995)", "99": "Congo (1995)", "100": "Crimson Tide (1995)", "101": "Crumb (1994)", "102": "Devil in a Blue Dress (1995)", "103": "Doom Generation, The (1995)", "104": "Feast of July (1995)", "105": "First Knight (1995)", "106": "Free Willy 2: The Adventure Home (1995)", "107": "Hackers (1995)", "108": "Johnny Mnemonic (1995)", "109": "Judge Dredd (1995)", "110": "Jury Duty (1995)", "111": "Living in Oblivion (1995)", "112": "Lord of Illusions (1995)", "113": "Mallrats (1995)", "114": "Mighty Morphin Power Rangers: The Movie (1995)", "115": "Moonlight and Valentino (1995)", "116": "Mute Witness (1994)", "117": "Nine Months (1995)", "118": "Prophecy, The (1995)", "119": "Showgirls (1995)", "120": "Something to Talk About (1995)", "121": "Species (1995)", "122": "Stars Fell on Henrietta, The (1995)", "123": "Strange Days (1995)", "124": "Umbrellas of Cherbourg, The (Parapluies de Cherbourg, Les) (1964)", "125": "Tie That Binds, The (1995)", "126": "Total Eclipse (1995)", "127": "To Wong Foo, Thanks for Everything! Julie Newmar (1995)", "128": "Under Siege 2: Dark Territory (1995)", "129": "Unstrung Heroes (1995)", "130": "Unzipped (1995)", "131": "Walk in the Clouds, A (1995)", "132": "Waterworld (1995)", "133": "White Man's Burden (1995)", "134": "Bushwhacked (1995)", "135": "Before Sunrise (1995)", "136": "Billy Madison (1995)", "137": "Boys on the Side (1995)", "138": "Castle Freak (1995)", "139": "Clerks (1994)", "140": "Don Juan DeMarco (1995)", "141": "Dream Man (1995)", "142": "Drop Zone (1994)", "143": "Destiny Turns on the Radio (1995)", "144": "Dolores Claiborne (1994)", "145": "Eat Drink Man Woman (1994)", "146": "Exotica (1994)", "147": "Exit to Eden (1994)", "148": "Ed Wood (1994)", "149": "Goofy Movie, A (1995)", "150": "Fluke (1995)", "151": "Gordy (1995)", "152": "Gumby: The Movie (1995)", "153": "Glass Shield, The (1994)", "154": "Hoop Dreams (1994)", "155": "Heavenly Creatures (1994)", "156": "Houseguest (1994)", "157": "Immortal Beloved (1994)", "158": "Heavyweights (1994)", "159": "I.Q. (1994)", "160": "Interview with the Vampire (1994)", "161": "Jefferson in Paris (1995)", "162": "Jerky Boys, The (1994)", "163": "Just Cause (1995)", "164": "Kid in King Arthur's Court, A (1995)", "165": "Star Wars: Episode IV - A New Hope (1977)", "166": "Ladybird Ladybird (1994)", "167": "Like Water for Chocolate (Como agua para chocolate) (1992)", "168": "Legends of the Fall (1994)", "169": "Major Payne (1994)", "170": "Losing Isaiah (1995)", "171": "Madness of King George, The (1994)", "172": "Mary Shelley's Frankenstein (1994)", "173": "Milk Money (1994)", "174": "Miami Rhapsody (1995)", "175": "My Family (1995)", "176": "Murder in the First (1995)", "177": "Nell (1994)", "178": "New Jersey Drive (1995)", "179": "New York Cop (1996)", "180": "Beyond Bedlam (1993)", "181": "Nemesis 2: Nebula (1995)", "182": "Nina Takes a Lover (1994)", "183": "Natural Born Killers (1994)", "184": "Once Were Warriors (1994)", "185": "Poison Ivy II (1995)", "186": "Outbreak (1995)", "187": "Perez Family, The (1995)", "188": "Pyromaniac's Love Story, A (1995)", "189": "Pulp Fiction (1994)", "190": "Pushing Hands (1992)", "191": "Quiz Show (1994)", "192": "Picture Bride (1995)", "193": "Queen Margot (La Reine Margot) (1994)", "194": "Ready to Wear (Pret-A-Porter) (1994)", "195": "Three Colors: Red (1994)", "196": "Three Colors: Blue (1993)", "197": "Three Colors: White (1994)", "198": "Red Firecracker, Green Firecracker (1994)", "199": "Rent-a-Kid (1995)", "200": "Relative Fear (1994)", "201": "Stuart Saves His Family (1995)", "202": "Swan Princess, The (1994)", "203": "Secret of Roan Inish, The (1994)", "204": "Stargate (1994)", "205": "Santa Clause, The (1994)", "206": "Shawshank Redemption, The (1994)", "207": "Suture (1993)", "208": "Strawberry and Chocolate (Fresa y chocolate) (1993)", "209": "Swimming with Sharks (1995)", "210": "Sum of Us, The (1994)", "211": "National Lampoon's Senior Trip (1995)", "212": "Tank Girl (1995)", "213": "Star Trek: Generations (1994)", "214": "Tales from the Hood (1995)", "215": "Tom & Viv (1994)", "216": "Tommy Boy (1995)", "217": "Vanya on 42nd Street (1994)", "218": "What's Eating Gilbert Grape (1993)", "219": "Virtuosity (1995)", "220": "Muriel's Wedding (1994)", "221": "Baby-Sitters Club, The (1995)", "222": "Ace Ventura: Pet Detective (1994)", "223": "Backbeat (1993)", "224": "Bitter Moon (1992)", "225": "Bullets Over Broadway (1994)", "226": "Clear and Present Danger (1994)", "227": "Corrina, Corrina (1994)", "228": "Crooklyn (1994)", "229": "Cobb (1994)", "230": "Flintstones, The (1994)", "231": "Forrest Gump (1994)", "232": "Four Weddings and a Funeral (1994)", "233": "Higher Learning (1995)", "234": "I Like It Like That (1994)", "235": "Little Buddha (1993)", "236": "Wes Craven's New Nightmare (1994)", "237": "Maverick (1994)", "238": "Mrs. Parker and the Vicious Circle (1994)", "239": "Naked Gun 33 1/3: The Final Insult (1994)", "240": "Reality Bites (1994)", "241": "Red Rock West (1992)", "242": "Richie Rich (1994)", "243": "River Wild, The (1994)", "244": "Timecop (1994)", "245": "True Lies (1994)", "246": "When a Man Loves a Woman (1994)", "247": "Wyatt Earp (1994)", "248": "Man of No Importance, A (1994)", "249": "S.F.W. (1994)", "250": "Low Down Dirty Shame, A (1994)", "251": "Boys Life (1995)", "252": "Jason's Lyric (1994)", "253": "Secret Adventures of Tom Thumb, The (1993)", "254": "Street Fighter (1994)", "255": "Coldblooded (1995)", "256": "Desert Winds (1995)", "257": "Fall Time (1995)", "258": "Frank and Ollie (1995)", "259": "Girl in the Cadillac (1995)", "260": "Homage (1995)", "261": "Brother Minister: The Assassination of Malcolm X (1994)", "262": "Federal Hill (1994)", "263": "In the Mouth of Madness (1995)", "264": "Above the Rim (1994)", "265": "Addams Family Values (1993)", "266": "You So Crazy (1994)", "267": "Airheads (1994)", "268": "Air Up There, The (1994)", "269": "Another Stakeout (1993)", "270": "Barcelona (1994)", "271": "Beverly Hillbillies, The (1993)", "272": "Beverly Hills Cop III (1994)", "273": "Blue Chips (1994)", "274": "Body Snatchers (1993)", "275": "Boxing Helena (1993)", "276": "Bronx Tale, A (1993)", "277": "Cabin Boy (1994)", "278": "Carlito's Way (1993)", "279": "City Slickers II: The Legend of Curly's Gold (1994)", "280": "Cliffhanger (1993)", "281": "Coneheads (1993)", "282": "Color of Night (1994)", "283": "Cops and Robbersons (1994)", "284": "Cowboy Way, The (1994)", "285": "Dazed and Confused (1993)", "286": "Endless Summer 2, The (1994)", "287": "Even Cowgirls Get the Blues (1993)", "288": "Farewell My Concubine (1993)", "289": "Fear of a Black Hat (1993)", "290": "With Honors (1994)", "291": "Flesh and Bone (1993)", "292": "Widows' Peak (1994)", "293": "Free Willy (1993)", "294": "Geronimo: An American Legend (1993)", "295": "Getting Even with Dad (1994)", "296": "Good Man in Africa, A (1994)", "297": "Hard Target (1993)", "298": "Heaven & Earth (1993)", "299": "Hot Shots! Part Deux (1993)", "300": "House of the Spirits, The (1993)", "301": "House Party 3 (1994)", "302": "Hudsucker Proxy, The (1994)", "303": "I'll Do Anything (1994)", "304": "In the Name of the Father (1993)", "305": "Inkwell, The (1994)", "306": "What's Love Got to Do with It? (1993)", "307": "Jimmy Hollywood (1994)", "308": "Judgment Night (1993)", "309": "Jurassic Park (1993)", "310": "Killing Zoe (1994)", "311": "Last Action Hero (1993)", "312": "Life with Mikey (1993)", "313": "Lightning Jack (1994)", "314": "M. Butterfly (1993)", "315": "Malice (1993)", "316": "Manhattan Murder Mystery (1993)", "317": "Menace II Society (1993)", "318": "Executive Decision (1996)", "319": "In the Realm of the Senses (Ai no corrida) (1976)", "320": "What Happened Was... (1994)", "321": "Mrs. Doubtfire (1993)", "322": "Next Karate Kid, The (1994)", "323": "New Age, The (1994)", "324": "Orlando (1993)", "325": "Perfect World, A (1993)", "326": "Philadelphia (1993)", "327": "Piano, The (1993)", "328": "Poetic Justice (1993)", "329": "Radioland Murders (1994)", "330": "Ref, The (1994)", "331": "Remains of the Day, The (1993)", "332": "Renaissance Man (1994)", "333": "Rising Sun (1993)", "334": "Road to Wellville, The (1994)", "335": "Robin Hood: Men in Tights (1993)", "336": "Romper Stomper (1992)", "337": "Ruby in Paradise (1993)", "338": "Rudy (1993)", "339": "Saint of Fort Washington, The (1993)", "340": "Savage Nights (Nuits fauves, Les) (1992)", "341": "Schindler's List (1993)", "342": "Searching for Bobby Fischer (1993)", "343": "Serial Mom (1994)", "344": "Short Cuts (1993)", "345": "Simple Twist of Fate, A (1994)", "346": "Six Degrees of Separation (1993)", "347": "Sleepless in Seattle (1993)", "348": "Sliver (1993)", "349": "Blade Runner (1982)", "350": "Son in Law (1993)", "351": "So I Married an Axe Murderer (1993)", "352": "Striking Distance (1993)", "353": "Super Mario Bros. (1993)", "354": "Surviving the Game (1994)", "355": "Terminal Velocity (1994)", "356": "Nightmare Before Christmas, The (1993)", "357": "Tombstone (1993)", "358": "Trial by Jury (1994)", "359": "True Romance (1993)", "360": "War Room, The (1993)", "361": "Mamma Roma (1962)", "362": "Pagemaster, The (1994)", "363": "Paris, France (1993)", "364": "Welcome to the Dollhouse (1995)", "365": "Cronos (1992)", "366": "Naked in New York (1994)", "367": "Kika (1993)", "368": "Bhaji on the Beach (1993)", "369": "Slingshot, The (K\u0435disbellan ) (1993)", "370": "Foreign Student (1994)", "371": "Ciao, Professore! (Io speriamo che me la cavo ) (1993)", "372": "Spanking the Monkey (1994)", "373": "Andre (1994)", "374": "Hour of the Pig, The (1993)", "375": "Princess Caraboo (1994)", "376": "Celluloid Closet, The (1995)", "377": "I Don't Want to Talk About It (De eso no se habla) (1993)", "378": "Brady Bunch Movie, The (1995)", "379": "Terminator 2: Judgment Day (1991)", "380": "Dances with Wolves (1990)", "381": "Tough and Deadly (1995)", "382": "Silence of the Lambs, The (1991)", "383": "Pretty Woman (1990)", "384": "Window to Paris (1994)", "385": "Love and a .45 (1994)", "386": "Wooden Man's Bride, The (Wu Kui) (1994)", "387": "Great Day in Harlem, A (1994)", "388": "Candyman: Farewell to the Flesh (1995)", "389": "Homeward Bound II: Lost in San Francisco (1996)", "390": "Heavy Metal (1981)", "391": "Hellraiser: Bloodline (1996)", "392": "Pallbearer, The (1996)", "393": "Bread and Chocolate (Pane e cioccolata) (1973)", "394": "Aristocats, The (1970)", "395": "Flower of My Secret, The (La Flor de Mi Secreto) (1995)", "396": "Two Much (1996)", "397": "Ed (1996)", "398": "Scream of Stone (Schrei aus Stein) (1991)", "399": "My Favorite Season (1993)", "400": "Modern Affair, A (1995)", "401": "Condition Red (1995)", "402": "Thin Line Between Love and Hate, A (1996)", "403": "Primal Fear (1996)", "404": "Rude (1995)", "405": "All Dogs Go to Heaven 2 (1996)", "406": "Land and Freedom (Tierra y libertad) (1995)", "407": "Denise Calls Up (1995)", "408": "Theodore Rex (1995)", "409": "Family Thing, A (1996)", "410": "Sgt. Bilko (1996)", "411": "Jack and Sarah (1995)", "412": "Girl 6 (1996)", "413": "Little Indian, Big City (Un indien dans la ville) (1994)", "414": "Roula (1995)", "415": "Peanuts - Die Bank zahlt alles (1996)", "416": "Nelly & Monsieur Arnaud (1995)", "417": "Courage Under Fire (1996)", "418": "Mission: Impossible (1996)", "419": "Cold Fever (\u0411 k\u0446ldum klaka) (1994)", "420": "Superweib, Das (1996)", "421": "301, 302 (1995)", "422": "Dragonheart (1996)", "423": "Yankee Zulu (1994)", "424": "Billy's Holiday (1995)", "425": "Purple Noon (1960)", "426": "James and the Giant Peach (1996)", "427": "Kids in the Hall: Brain Candy (1996)", "428": "All Things Fair (1996)", "429": "Bloodsport 2 (1995)", "430": "Pather Panchali (1955)", "431": "Aparajito (1956)", "432": "World of Apu, The (Apur Sansar) (1959)", "433": "Mystery Science Theater 3000: The Movie (1996)", "434": "Space Jam (1996)", "435": "Barbarella (1968)", "436": "Hostile Intentions (1994)", "437": "They Bite (1996)", "438": "Some Folks Call It a Sling Blade (1993)", "439": "Run of the Country, The (1995)", "440": "Alphaville (1965)", "441": "Tigrero: A Film That Was Never Made (1994)", "442": "Eye of Vichy, The (Oeil de Vichy, L') (1993)", "443": "Country Life (1994)", "444": "Operation Dumbo Drop (1995)", "445": "Mrs. Winterbourne (1996)", "446": "Butterfly Kiss (1995)", "447": "Feeling Minnesota (1996)", "448": "Delta of Venus (1994)", "449": "To Cross the Rubicon (1991)", "450": "Angus (1995)", "451": "Daens (1992)", "452": "Cosi (1996)", "453": "Mulholland Falls (1996)", "454": "Truth About Cats & Dogs, The (1996)", "455": "Oliver & Company (1988)", "456": "Celtic Pride (1996)", "457": "Of Love and Shadows (1994)", "458": "Dead Man (1995)", "459": "Horseman on the Roof, The (Hussard sur le toit, Le) (1995)", "460": "Switchblade Sisters (1975)", "461": "Multiplicity (1996)", "462": "Wallace & Gromit: The Best of Aardman Animation (1996)", "463": "Haunted World of Edward D. Wood Jr., The (1995)", "464": "Craft, The (1996)", "465": "Great White Hype, The (1996)", "466": "Cold Comfort Farm (1995)", "467": "Low Life, The (1994)", "468": "Heaven's Prisoners (1996)", "469": "Original Gangstas (1996)", "470": "Cemetery Man (Dellamorte Dellamore) (1994)", "471": "Thinner (1996)", "472": "Spy Hard (1996)", "473": "Brothers in Trouble (1995)", "474": "Close Shave, A (1995)", "475": "Force of Evil (1948)", "476": "Stupids, The (1996)", "477": "Man from Down Under, The (1943)", "478": "Dr. Strangelove or: How I Learned to Stop Worrying and Love the Bomb (1963)", "479": "Month by the Lake, A (1995)", "480": "Gold Diggers: The Secret of Bear Mountain (1995)", "481": "Carmen Miranda: Bananas Is My Business (1994)", "482": "Ashes of Time (1994)", "483": "Jar, The (Khomreh) (1992)", "484": "Maya Lin: A Strong Clear Vision (1994)", "485": "Last of the High Kings, The (a.k.a. Summer Fling) (1996)", "486": "I Shot Andy Warhol (1996)", "487": "Grass Harp, The (1995)", "488": "Someone Else's America (1995)", "489": "Costa Brava (1946)", "490": "Touki Bouki (Journey of the Hyena) (1973)", "491": "Wend Kuuni (God's Gift) (1982)", "492": "Spirits of the Dead (Tre Passi nel Delirio) (1968)", "493": "Babyfever (1994)", "494": "Pharaoh's Army (1995)", "495": "Trainspotting (1996)", "496": "'Til There Was You (1997)", "497": "Stealing Beauty (1996)", "498": "Cable Guy, The (1996)", "499": "Eraser (1996)", "500": "An Unforgettable Summer (1994)", "501": "Hungarian Fairy Tale, A (1987)", "502": "Very Natural Thing, A (1974)", "503": "Old Lady Who Walked in the Sea, The (Vieille qui marchait dans la mer, La) (1991)", "504": "Frighteners, The (1996)", "505": "Harriet the Spy (1996)", "506": "Phenomenon (1996)", "507": "Walking and Talking (1996)", "508": "American Buffalo (1996)", "509": "Rendezvous in Paris (Rendez-vous de Paris, Les) (1995)", "510": "Fled (1996)", "511": "Kazaam (1996)", "512": "Magic Hunter (1994)", "513": "Larger Than Life (1996)", "514": "Boy Called Hate, A (1995)", "515": "Power 98 (1995)", "516": "Two Deaths (1995)", "517": "Very Brady Sequel, A (1996)", "518": "Stefano Quantestorie (1993)", "519": "Death in the Garden (Mort en ce jardin, La) (1956)", "520": "Crude Oasis, The (1995)", "521": "Hedd Wyn (1992)", "522": "Collectionneuse, La (1967)", "523": "Kaspar Hauser (1993)", "524": "Joe's Apartment (1996)", "525": "First Wives Club, The (1996)", "526": "High School High (1996)", "527": "Phat Beach (1996)", "528": "Crow: City of Angels, The (1996)", "529": "Eyes Without a Face (1959)", "530": "Lotto Land (1995)", "531": "Day the Sun Turned Cold, The (Tianguo niezi) (1994)", "532": "Big Squeeze, The (1996)", "533": "Spitfire Grill, The (1996)", "534": "Escape from L.A. (1996)", "535": "Cyclo (1995)", "536": "Basquiat (1996)", "537": "Tin Cup (1996)", "538": "Dingo (1992)", "539": "Mille bolle blu (1993)", "540": "Crows and Sparrows (1949)", "541": "Godfather, The (1972)", "542": "Supercop (1992)", "543": "Manny & Lo (1996)", "544": "Celestial Clockwork (1994)", "545": "Small Faces (1995)", "546": "Death in Brunswick (1991)", "547": "Kansas City (1996)", "548": "Gone Fishin' (1997)", "549": "Lover's Knot (1996)", "550": "Shadow of Angels (Schatten der Engel) (1976)", "551": "Killer: A Journal of Murder (1995)", "552": "Bye-Bye (1995)", "553": "Relic, The (1997)", "554": "First Kid (1996)", "555": "Trigger Effect, The (1996)", "556": "Sweet Nothing (1995)", "557": "Bogus (1996)", "558": "Talk of Angels (1998)", "559": "1-900 (1994)", "560": "Baton Rouge (1988)", "561": "Halloween: The Curse of Michael Myers (1995)", "562": "Mother Night (1996)", "563": "Venice/Venice (1992)", "564": "Wild Reeds (1994)", "565": "For Whom the Bell Tolls (1943)", "566": "Philadelphia Story, The (1940)", "567": "Singin' in the Rain (1952)", "568": "American in Paris, An (1951)", "569": "Breakfast at Tiffany's (1961)", "570": "It Happened One Night (1934)", "571": "Gay Divorcee, The (1934)", "572": "North by Northwest (1959)", "573": "My Fair Lady (1964)", "574": "Gone with the Wind (1939)", "575": "My Favorite Year (1982)", "576": "Sunset Blvd. (a.k.a. Sunset Boulevard) (1950)", "577": "Citizen Kane (1941)", "578": "2001: A Space Odyssey (1968)", "579": "All About Eve (1950)", "580": "Foreign Correspondent (1940)", "581": "Affair to Remember, An (1957)", "582": "Band Wagon, The (1953)", "583": "Ninotchka (1939)", "584": "Reluctant Debutante, The (1958)", "585": "Ghost and Mrs. Muir, The (1947)", "586": "Thin Man, The (1934)", "587": "His Girl Friday (1940)", "588": "Mr. Smith Goes to Washington (1939)", "589": "Bringing Up Baby (1938)", "590": "Penny Serenade (1941)", "591": "Lady of Burlesque (1943)", "592": "Angel on My Shoulder (1946)", "593": "They Made Me a Criminal (1939)", "594": "African Queen, The (1951)", "595": "Last Time I Saw Paris, The (1954)", "596": "Meet John Doe (1941)", "597": "Algiers (1938)", "598": "Moonlight Murder (1936)", "599": "Madagascar Skin (1995)", "600": "Pompatus of Love, The (1996)", "601": "Small Wonders (1996)", "602": "Grace of My Heart (1996)", "603": "Schlafes Bruder (Brother of Sleep) (1995)", "604": "Maximum Risk (1996)", "605": "Michael Collins (1996)", "606": "Rich Man's Wife, The (1996)", "607": "Set It Off (1996)", "608": "2 Days in the Valley (1996)", "609": "Curdled (1996)", "610": "Ed's Next Move (1996)", "611": "Extreme Measures (1996)", "612": "Glimmer Man, The (1996)", "613": "D3: The Mighty Ducks (1996)", "614": "Apple Dumpling Gang, The (1975)", "615": "Davy Crockett, King of the Wild Frontier (1955)", "616": "Herbie Rides Again (1974)", "617": "Old Yeller (1957)", "618": "Homeward Bound: The Incredible Journey (1993)", "619": "Cool Runnings (1993)", "620": "Winnie the Pooh and the Blustery Day (1968)", "621": "Three Caballeros, The (1945)", "622": "Sword in the Stone, The (1963)", "623": "So Dear to My Heart (1949)", "624": "Mary Poppins (1964)", "625": "Bedknobs and Broomsticks (1971)", "626": "Fox and the Hound, The (1981)", "627": "Die Hard (1988)", "628": "Lawnmower Man, The (1992)", "629": "Unhook the Stars (1996)", "630": "Synthetic Pleasures (1995)", "631": "Secret Agent, The (1996)", "632": "Secrets & Lies (1996)", "633": "That Thing You Do! (1996)", "634": "To Gillian on Her 37th Birthday (1996)", "635": "Surviving Picasso (1996)", "636": "Love Is All There Is (1996)", "637": "Beautiful Thing (1996)", "638": "Long Kiss Goodnight, The (1996)", "639": "Ghost and the Darkness, The (1996)", "640": "Looking for Richard (1996)", "641": "Trees Lounge (1996)", "642": "Proprietor, The (1996)", "643": "Normal Life (1996)", "644": "Get on the Bus (1996)", "645": "Shadow Conspiracy (1997)", "646": "Jude (1996)", "647": "Everyone Says I Love You (1996)", "648": "Bitter Sugar (Azucar Amargo) (1996)", "649": "Sunchaser, The (1996)", "650": "Johns (1996)", "651": "Aladdin and the King of Thieves (1996)", "652": "Woman in Question, The (1950)", "653": "Damsel in Distress, A (1937)", "654": "Murder, My Sweet (1944)", "655": "Macao (1952)", "656": "For the Moment (1994)", "657": "Fish Called Wanda, A (1988)", "658": "Monty Python's Life of Brian (1979)", "659": "Victor/Victoria (1982)", "660": "Great Race, The (1965)", "661": "Bonnie and Clyde (1967)", "662": "Reservoir Dogs (1992)", "663": "Platoon (1986)", "664": "Weekend at Bernie's (1989)", "665": "Basic Instinct (1992)", "666": "Doors, The (1991)", "667": "Crying Game, The (1992)", "668": "Glengarry Glen Ross (1992)", "669": "Sophie's Choice (1982)", "670": "E.T. the Extra-Terrestrial (1982)", "671": "Search for One-eye Jimmy, The (1996)", "672": "Days of Thunder (1990)", "673": "American Strays (1996)", "674": "Rebel Without a Cause (1955)", "675": "Children of the Corn IV: The Gathering (1996)", "676": "Leopard Son, The (1996)", "677": "Prerokbe Ognja (1995)", "678": "Bird of Prey (1996)", "679": "Microcosmos (Microcosmos: Le peuple de l'herbe) (1996)", "680": "Palookaville (1996)", "681": "Single Girl, A (La Fille Seule) (1995)", "682": "Drunks (1997)", "683": "People vs. Larry Flynt, The (1996)", "684": "Glory Daze (1996)", "685": "Perfect Candidate, A (1996)", "686": "Return of the Pink Panther, The (1974)", "687": "Drop Dead Fred (1991)", "688": "Escape from New York (1981)", "689": "Howling, The (1980)", "690": "Jean de Florette (1986)", "691": "Manon of the Spring (Manon des sources) (1986)", "692": "Talking About Sex (1994)", "693": "Johnny 100 Pesos (1993)", "694": "Private Benjamin (1980)", "695": "Monty Python and the Holy Grail (1974)", "696": "Hustler White (1996)", "697": "Dadetown (1995)", "698": "Everything Relative (1996)", "699": "Entertaining Angels: The Dorothy Day Story (1996)", "700": "Get Over It (1996)", "701": "Three Lives and Only One Death (1996)", "702": "Snowriders (1996)", "703": "Curtis's Charm (1995)", "704": "When We Were Kings (1996)", "705": "Wrong Trousers, The (1993)", "706": "Return of Martin Guerre, The (Retour de Martin Guerre, Le) (1982)", "707": "He Walked by Night (1948)", "708": "T-Men (1947)", "709": "Here Comes Cookie (1935)", "710": "Love in Bloom (1935)", "711": "Six of a Kind (1934)", "712": "Tin Drum, The (Blechtrommel, Die) (1979)", "713": "Ruling Class, The (1972)", "714": "Mina Tannenbaum (1994)", "715": "Two or Three Things I Know About Her (1966)", "716": "Bloody Child, The (1996)", "717": "Farmer & Chase (1995)", "718": "Bad Moon (1996)", "719": "American Dream (1990)", "720": "Best of the Best 3: No Turning Back (1995)", "721": "Bob Roberts (1992)", "722": "Cinema Paradiso (1988)", "723": "Delicatessen (1991)", "724": "Double Life of Veronique, The (La Double Vie de V\u0439ronique) (1991)", "725": "Paths of Glory (1957)", "726": "Grifters, The (1990)", "727": "Hear My Song (1991)", "728": "English Patient, The (1996)", "729": "Mediterraneo (1991)", "730": "My Left Foot (1989)", "731": "Sex, Lies, and Videotape (1989)", "732": "Passion Fish (1992)", "733": "Strictly Ballroom (1992)", "734": "Tie Me Up! Tie Me Down! (1990)", "735": "Madonna: Truth or Dare (1991)", "736": "Paris Is Burning (1990)", "737": "One Flew Over the Cuckoo's Nest (1975)", "738": "Star Wars: Episode V - The Empire Strikes Back (1980)", "739": "Princess Bride, The (1987)", "740": "Raiders of the Lost Ark (1981)", "741": "Withnail and I (1987)", "742": "Lawrence of Arabia (1962)", "743": "Transformers: The Movie, The (1986)", "744": "Clockwork Orange, A (1971)", "745": "To Kill a Mockingbird (1962)", "746": "Apocalypse Now (1979)", "747": "Once Upon a Time in the West (1969)", "748": "Star Wars: Episode VI - Return of the Jedi (1983)", "749": "Wings of Desire (Der Himmel \u044cber Berlin) (1987)", "750": "Third Man, The (1949)", "751": "Army of Darkness (1993)", "752": "Ran (1985)", "753": "Blues Brothers, The (1980)", "754": "Godfather: Part II, The (1974)", "755": "Full Metal Jacket (1987)", "756": "Grand Day Out, A (1992)", "757": "Quiet Man, The (1952)", "758": "Once Upon a Time in America (1984)", "759": "Raging Bull (1980)", "760": "Annie Hall (1977)", "761": "Right Stuff, The (1983)", "762": "Harold and Maude (1971)", "763": "Seventh Seal, The (Sjunde inseglet, Det) (1957)", "764": "Local Hero (1983)", "765": "Terminator, The (1984)", "766": "Miller's Crossing (1990)", "767": "Dead Poets Society (1989)", "768": "Graduate, The (1967)", "769": "Nikita (La Femme Nikita) (1990)", "770": "Bridge on the River Kwai, The (1957)", "771": "Treasure of the Sierra Madre, The (1948)", "772": "Bad Taste (1987)", "773": "Better Off Dead... (1985)", "774": "Shining, The (1980)", "775": "Evil Dead II (Dead By Dawn) (1987)", "776": "Great Escape, The (1963)", "777": "Deer Hunter, The (1978)", "778": "Groundhog Day (1993)", "779": "Pump Up the Volume (1990)", "780": "Back to the Future (1985)", "781": "Fried Green Tomatoes (1991)", "782": "Patton (1970)", "783": "Down by Law (1986)", "784": "Cool Hand Luke (1967)", "785": "Young Frankenstein (1974)", "786": "Night on Earth (1991)", "787": "Raise the Red Lantern (1991)", "788": "Great Dictator, The (1940)", "789": "Heathers (1989)", "790": "Somewhere in Time (1980)", "791": "This Is Spinal Tap (1984)", "792": "Koyaanisqatsi (1983)", "793": "Some Kind of Wonderful (1987)", "794": "Indiana Jones and the Last Crusade (1989)", "795": "Gandhi (1982)", "796": "Unbearable Lightness of Being, The (1988)", "797": "Real Genius (1985)", "798": "Killing Fields, The (1984)", "799": "My Life as a Dog (Mitt liv som hund) (1985)", "800": "Forbidden Planet (1956)", "801": "Field of Dreams (1989)", "802": "Man Who Would Be King, The (1975)", "803": "Butch Cassidy and the Sundance Kid (1969)", "804": "Paris, Texas (1984)", "805": "Until the End of the World (Bis ans Ende der Welt) (1991)", "806": "When Harry Met Sally... (1989)", "807": "I Shot a Man in Vegas (1995)", "808": "Parallel Sons (1995)", "809": "Hype! (1996)", "810": "Santa with Muscles (1996)", "811": "Female Perversions (1996)", "812": "Mad Dog Time (1996)", "813": "Paris Was a Woman (1995)", "814": "I'm Not Rappaport (1996)", "815": "Blue Juice (1995)", "816": "Kids of Survival (1993)", "817": "American Werewolf in London, An (1981)", "818": "Amityville 3-D (1983)", "819": "Amityville: A New Generation (1993)", "820": "Amityville II: The Possession (1982)", "821": "Amityville Curse, The (1990)", "822": "Audrey Rose (1977)", "823": "Birds, The (1963)", "824": "Blood Beach (1981)", "825": "Burnt Offerings (1976)", "826": "Albino Alligator (1996)", "827": "Mirror Has Two Faces, The (1996)", "828": "Breaking the Waves (1996)", "829": "Star Trek: First Contact (1996)", "830": "Sling Blade (1996)", "831": "Identification of a Woman (Identificazione di una donna) (1982)", "832": "Paradise Lost: The Child Murders at Robin Hood Hills (1996)", "833": "Preacher's Wife, The (1996)", "834": "Zero Kelvin (Kj\u0436rlighetens kj\u0448tere) (1995)", "835": "Forbidden Christ, The (Cristo proibito, Il) (1950)", "836": "I Can't Sleep (J'ai pas sommeil) (1994)", "837": "Die Hard 2 (1990)", "838": "Star Trek: The Motion Picture (1979)", "839": "Star Trek VI: The Undiscovered Country (1991)", "840": "Star Trek V: The Final Frontier (1989)", "841": "Star Trek III: The Search for Spock (1984)", "842": "Star Trek IV: The Voyage Home (1986)", "843": "Batman Returns (1992)", "844": "Young Guns II (1990)", "845": "Grease (1978)", "846": "Grease 2 (1982)", "847": "Adrenalin: Fear the Rush (1996)", "848": "Substance of Fire, The (1996)", "849": "Terror in a Texas Town (1958)", "850": "Jaws (1975)", "851": "Jaws 2 (1978)", "852": "Jaws 3-D (1983)", "853": "My Fellow Americans (1996)", "854": "Mars Attacks! (1996)", "855": "Citizen Ruth (1996)", "856": "Jerry Maguire (1996)", "857": "Raising Arizona (1987)", "858": "Tin Men (1987)", "859": "Bastard Out of Carolina (1996)", "860": "Marvin's Room (1996)", "861": "Ghosts of Mississippi (1996)", "862": "Night Falls on Manhattan (1997)", "863": "Beavis and Butt-head Do America (1996)", "864": "C\u0439r\u0439monie, La (1995)", "865": "Evening Star, The (1996)", "866": "Some Mother's Son (1996)", "867": "Whole Wide World, The (1996)", "868": "Portrait of a Lady, The (1996)", "869": "Message to Love: The Isle of Wight Festival (1996)", "870": "Murder at 1600 (1997)", "871": "Fierce Creatures (1997)", "872": "Zeus and Roxanne (1997)", "873": "Beverly Hills Ninja (1997)", "874": "Cement Garden, The (1993)", "875": "Dante's Peak (1997)", "876": "Meet Wally Sparks (1997)", "877": "Amos & Andrew (1993)", "878": "Benny & Joon (1993)", "879": "Prefontaine (1997)", "880": "Tickle in the Heart, A (1996)", "881": "Guantanamera (1994)", "882": "Kolya (1996)", "883": "Gridlock'd (1997)", "884": "Waiting for Guffman (1996)", "885": "Prisoner of the Mountains (Kavkazsky Plennik) (1996)", "886": "Beautician and the Beast, The (1997)", "887": "SubUrbia (1997)", "888": "Hotel de Love (1996)", "889": "Absolute Power (1997)", "890": "Vegas Vacation (1997)", "891": "Unforgotten: Twenty-Five Years After Willowbrook (1996)", "892": "That Old Feeling (1997)", "893": "Lost Highway (1997)", "894": "Rosewood (1997)", "895": "Donnie Brasco (1997)", "896": "Rhyme & Reason (1997)", "897": "Boys Life 2 (1997)", "898": "City of Industry (1997)", "899": "Best Men (1997)", "900": "Kama Sutra: A Tale of Love (1996)", "901": "Love Jones (1997)", "902": "Smilla's Sense of Snow (1997)", "903": "Daytrippers, The (1996)", "904": "Liar Liar (1997)", "905": "Quiet Room, The (1996)", "906": "Selena (1997)", "907": "Cats Don't Dance (1997)", "908": "B*A*P*S (1997)", "909": "Love and Other Catastrophes (1996)", "910": "Sixth Man, The (1997)", "911": "Turbo: A Power Rangers Movie (1997)", "912": "Double Team (1997)", "913": "Inventing the Abbotts (1997)", "914": "Grosse Pointe Blank (1997)", "915": "Keys to Tulsa (1997)", "916": "8 Heads in a Duffel Bag (1997)", "917": "Hollow Reed (1996)", "918": "Paradise Road (1997)", "919": "All Over Me (1997)", "920": "Brother's Kiss, A (1997)", "921": "A Chef in Love (1996)", "922": "Romy and Michele's High School Reunion (1997)", "923": "Temptress Moon (Feng Yue) (1996)", "924": "Austin Powers: International Man of Mystery (1997)", "925": "Commandments (1997)", "926": "Ripe (1996)", "927": "Truth or Consequences, N.M. (1997)", "928": "Warriors of Virtue (1997)", "929": "Fathers' Day (1997)", "930": "Fifth Element, The (1997)", "931": "Losing Chase (1996)", "932": "Bonheur, Le (1965)", "933": "Love! Valour! Compassion! (1997)", "934": "Second Jungle Book: Mowgli & Baloo, The (1997)", "935": "Twin Town (1997)", "936": "Brassed Off (1996)", "937": "Designated Mourner, The (1997)", "938": "Lost World: Jurassic Park, The (1997)", "939": "Ponette (1996)", "940": "Schizopolis (1996)", "941": "Shiloh (1997)", "942": "Rough Magic (1995)", "943": "Con Air (1997)", "944": "Pillow Book, The (1995)", "945": "Speed 2: Cruise Control (1997)", "946": "Sudden Manhattan (1996)", "947": "Wedding Bell Blues (1996)", "948": "Batman & Robin (1997)", "949": "Roseanna's Grave (For Roseanna) (1997)", "950": "Last Time I Committed Suicide, The (1997)", "951": "MURDER and murder (1996)", "952": "Tetsuo II: Body Hammer (1992)", "953": "Contempt (Le M\u0439pris) (1963)", "954": "Face/Off (1997)", "955": "Gabbeh (1996)", "956": "Mondo (1996)", "957": "Innocent Sleep, The (1995)", "958": "For Ever Mozart (1996)", "959": "Out to Sea (1997)", "960": "Wild America (1997)", "961": "Simple Wish, A (1997)", "962": "Love Serenade (1996)", "963": "George of the Jungle (1997)", "964": "Cop Land (1997)", "965": "Event Horizon (1997)", "966": "Spawn (1997)", "967": "Air Bud (1997)", "968": "In the Company of Men (1997)", "969": "Free Willy 3: The Rescue (1997)", "970": "Career Girls (1997)", "971": "She's So Lovely (1997)", "972": "Hoodlum (1997)", "973": "Leave It to Beaver (1997)", "974": "Kull the Conqueror (1997)", "975": "Hunt for Red October, The (1990)", "976": "My Own Private Idaho (1991)", "977": "Kiss Me, Guido (1997)", "978": "Star Maps (1997)", "979": "Soul Food (1997)", "980": "Kicked in the Head (1997)", "981": "Wishmaster (1997)", "982": "Thousand Acres, A (1997)", "983": "Locusts, The (1997)", "984": "Smile Like Yours, A (1997)", "985": "Ulee's Gold (1997)", "986": "Ice Storm, The (1997)", "987": "Chasing Amy (1997)", "988": "How to Be a Player (1997)", "989": "Full Monty, The (1997)", "990": "I Know What You Did Last Summer (1997)", "991": "House of Yes, The (1997)", "992": "Fast, Cheap & Out of Control (1997)", "993": "Washington Square (1997)", "994": "Telling Lies in America (1997)", "995": "Year of the Horse (1997)", "996": "Gattaca (1997)", "997": "FairyTale: A True Story (1997)", "998": "Swept from the Sea (1997)", "999": "Life Less Ordinary, A (1997)", "1000": "Hurricane Streets (1998)", "1001": "Eve's Bayou (1997)", "1002": "Switchback (1997)", "1003": "Gang Related (1997)", "1004": "Stripes (1981)", "1005": "Bean (1997)", "1006": "Hugo Pool (1997)", "1007": "Mad City (1997)", "1008": "Tango Lesson, The (1997)", "1009": "Deceiver (1997)", "1010": "Boogie Nights (1997)", "1011": "Critical Care (1997)", "1012": "Joy Luck Club, The (1993)", "1013": "Chairman of the Board (1998)", "1014": "Sliding Doors (1998)", "1015": "Mortal Kombat: Annihilation (1997)", "1016": "Truman Show, The (1998)", "1017": "Mrs. Dalloway (1997)", "1018": "I Love You, I Love You Not (1996)", "1019": "Red Corner (1997)", "1020": "Man Who Knew Too Little, The (1997)", "1021": "Alien: Resurrection (1997)", "1022": "Alien Escape (1995)", "1023": "Amistad (1997)", "1024": "Apostle, The (1997)", "1025": "Artemisia (1997)", "1026": "Boys, Les (1997)", "1027": "Deconstructing Harry (1997)", "1028": "Flubber (1997)", "1029": "For Richer or Poorer (1997)", "1030": "Good Will Hunting (1997)", "1031": "Guy (1996)", "1032": "Home Alone 3 (1997)", "1033": "Ill Gotten Gains (1997)", "1034": "Legal Deceit (1997)", "1035": "Midnight in the Garden of Good and Evil (1997)", "1036": "Mouse Hunt (1997)", "1037": "Never Met Picasso (1996)", "1038": "Office Killer (1997)", "1039": "Other Voices, Other Rooms (1997)", "1040": "Scream 2 (1997)", "1041": "Sweet Hereafter, The (1997)", "1042": "Tomorrow Never Dies (1997)", "1043": "Education of Little Tree, The (1997)", "1044": "Horse Whisperer, The (1998)", "1045": "Winter Guest, The (1997)", "1046": "Jackie Brown (1997)", "1047": "Kundun (1997)", "1048": "Mr. Magoo (1997)", "1049": "Big Lebowski, The (1998)", "1050": "Vermin (1998)", "1051": "Men of Means (1998)", "1052": "Midaq Alley (Callej\u0443n de los milagros, El) (1995)", "1053": "Caught Up (1998)", "1054": "Arguing the World (1996)", "1055": "Wag the Dog (1997)", "1056": "Leading Man, The (1996)", "1057": "Star Kid (1997)", "1058": "Hard Rain (1998)", "1059": "Shooting Fish (1997)", "1060": "Prophecy II, The (1998)", "1061": "Four Days in September (1997)", "1062": "Spice World (1997)", "1063": "Deep Rising (1998)", "1064": "Replacement Killers, The (1998)", "1065": "B. Monkey (1998)", "1066": "Blues Brothers 2000 (1998)", "1067": "Tokyo Fist (1995)", "1068": "Wedding Singer, The (1998)", "1069": "Ayn Rand: A Sense of Life (1997)", "1070": "Further Gesture, A (1996)", "1071": "Little City (1998)", "1072": "Palmetto (1998)", "1073": "King of New York (1990)", "1074": "Paralyzing Fear: The Story of Polio in America, A (1998)", "1075": "Sadness of Sex, The (1995)", "1076": "Love and Death on Long Island (1997)", "1077": "Suicide Kings (1997)", "1078": "Newton Boys, The (1998)", "1079": "Primary Colors (1998)", "1080": "Niagara, Niagara (1997)", "1081": "Price Above Rubies, A (1998)", "1082": "Two Girls and a Guy (1997)", "1083": "No Looking Back (1998)", "1084": "Storefront Hitchcock (1997)", "1085": "Object of My Affection, The (1998)", "1086": "Meet the Deedles (1998)", "1087": "Homegrown (1998)", "1088": "Barney's Great Adventure (1998)", "1089": "Lost in Space (1998)", "1090": "Heaven's Burning (1997)", "1091": "Spanish Prisoner, The (1997)", "1092": "City of Angels (1998)", "1093": "Last Days of Disco, The (1998)", "1094": "Odd Couple II, The (1998)", "1095": "My Giant (1998)", "1096": "He Got Game (1998)", "1097": "Gingerbread Man, The (1998)", "1098": "Illtown (1996)", "1099": "Slappy and the Stinkers (1998)", "1100": "Live Flesh (1997)", "1101": "Zero Effect (1998)", "1102": "Ratchet (1996)", "1103": "I Love You, Don't Touch Me! (1998)", "1104": "Leather Jacket Love Story (1997)", "1105": "Love Walked In (1998)", "1106": "Alan Smithee Film: Burn Hollywood Burn, An (1997)", "1107": "Kissing a Fool (1998)", "1108": "Krippendorf's Tribe (1998)", "1109": "Kurt & Courtney (1998)", "1110": "Real Blonde, The (1997)", "1111": "Taste of Cherry (1997)", "1112": "Character (Karakter) (1997)", "1113": "Junk Mail (1997)", "1114": "Species II (1998)", "1115": "Major League: Back to the Minors (1998)", "1116": "Wild Man Blues (1998)", "1117": "Big Hit, The (1998)", "1118": "Tarzan and the Lost City (1998)", "1119": "Dancer, Texas Pop. 81 (1998)", "1120": "Friend of the Deceased, A (1997)", "1121": "Go Now (1995)", "1122": "Still Breathing (1997)", "1123": "Clockwatchers (1997)", "1124": "Deep Impact (1998)", "1125": "Woo (1998)", "1126": "Hanging Garden, The (1997)", "1127": "Lawn Dogs (1997)", "1128": "Quest for Camelot (1998)", "1129": "Bulworth (1998)", "1130": "Fear and Loathing in Las Vegas (1998)", "1131": "Opposite of Sex, The (1998)", "1132": "I Got the Hook Up (1998)", "1133": "Almost Heroes (1998)", "1134": "Hope Floats (1998)", "1135": "Little Boy Blue (1997)", "1136": "Ugly, The (1997)", "1137": "Perfect Murder, A (1998)", "1138": "Six Days Seven Nights (1998)", "1139": "Can't Hardly Wait (1998)", "1140": "Cousin Bette (1998)", "1141": "High Art (1998)", "1142": "Land Girls, The (1998)", "1143": "Passion in the Desert (1998)", "1144": "Dear Jesse (1997)", "1145": "Dream for an Insomniac (1996)", "1146": "Hav Plenty (1997)", "1147": "Henry Fool (1997)", "1148": "Mr. Jealousy (1997)", "1149": "Resurrection Man (1998)", "1150": "I Went Down (1997)", "1151": "Picnic at Hanging Rock (1975)", "1152": "Smoke Signals (1998)", "1153": "Voyage to the Beginning of the World (1997)", "1154": "Lethal Weapon 4 (1998)", "1155": "Small Soldiers (1998)", "1156": "Pi (1998)", "1157": "There's Something About Mary (1998)", "1158": "Plan 9 from Outer Space (1958)", "1159": "Broadway Melody, The (1929)", "1160": "Great Ziegfeld, The (1936)", "1161": "You Can't Take It With You (1938)", "1162": "How Green Was My Valley (1941)", "1163": "Mrs. Miniver (1942)", "1164": "Going My Way (1944)", "1165": "Lost Weekend, The (1945)", "1166": "Best Years of Our Lives, The (1946)", "1167": "Gentleman's Agreement (1947)", "1168": "From Here to Eternity (1953)", "1169": "On the Waterfront (1954)", "1170": "Marty (1955)", "1171": "West Side Story (1961)", "1172": "Oliver! (1968)", "1173": "Midnight Cowboy (1969)", "1174": "French Connection, The (1971)", "1175": "Chariots of Fire (1981)", "1176": "Terms of Endearment (1983)", "1177": "Out of Africa (1985)", "1178": "Last Emperor, The (1987)", "1179": "Rain Man (1988)", "1180": "Take the Money and Run (1969)", "1181": "Klute (1971)", "1182": "Repo Man (1984)", "1183": "Breakfast Club, The (1985)", "1184": "Nightmare on Elm Street 3: Dream Warriors, A (1987)", "1185": "Nightmare on Elm Street 4: The Dream Master, A (1988)", "1186": "Nightmare on Elm Street 5: The Dream Child, A (1989)", "1187": "Freddy's Dead: The Final Nightmare (1991)", "1188": "Friday the 13th Part 2 (1981)", "1189": "Friday the 13th: The Final Chapter (1984)", "1190": "Friday the 13th Part VI: Jason Lives (1986)", "1191": "Friday the 13th Part VII: The New Blood (1988)", "1192": "Friday the 13th Part VIII: Jason Takes Manhattan (1989)", "1193": "Halloween III: Season of the Witch (1983)", "1194": "Halloween 4: The Return of Michael Myers (1988)", "1195": "Halloween 5: The Revenge of Michael Myers (1989)", "1196": "Hello Mary Lou: Prom Night II (1987)", "1197": "Prom Night III: The Last Kiss (1989)", "1198": "Child's Play 2 (1990)", "1199": "Child's Play 3 (1992)", "1200": "Poltergeist II: The Other Side (1986)", "1201": "Poltergeist III (1988)", "1202": "Exorcist, The (1973)", "1203": "Exorcist II: The Heretic (1977)", "1204": "Exorcist III, The (1990)", "1205": "Lethal Weapon (1987)", "1206": "Lethal Weapon 2 (1989)", "1207": "Lethal Weapon 3 (1992)", "1208": "Gremlins (1984)", "1209": "Gremlins 2: The New Batch (1990)", "1210": "Goonies, The (1985)", "1211": "Mask of Zorro, The (1998)", "1212": "Polish Wedding (1998)", "1213": "This World, Then the Fireworks (1996)", "1214": "Soylent Green (1973)", "1215": "Back to the Future Part II (1989)", "1216": "Back to the Future Part III (1990)", "1217": "Absent Minded Professor, The (1961)", "1218": "Apple Dumpling Gang Rides Again, The (1979)", "1219": "Seven Samurai (The Magnificent Seven) (Shichinin no samurai) (1954)", "1220": "Dune (1984)", "1221": "Last Temptation of Christ, The (1988)", "1222": "Godfather: Part III, The (1990)", "1223": "Disturbing Behavior (1998)", "1224": "Mafia! (1998)", "1225": "Saving Private Ryan (1998)", "1226": "Billy's Hollywood Screen Kiss (1997)", "1227": "Black Cauldron, The (1985)", "1228": "Blackbeard's Ghost (1968)", "1229": "Blank Check (1994)", "1230": "Candleshoe (1977)", "1231": "Cat from Outer Space, The (1978)", "1232": "Condorman (1981)", "1233": "D2: The Mighty Ducks (1994)", "1234": "Darby O'Gill and the Little People (1959)", "1235": "Devil and Max Devlin, The (1981)", "1236": "Far Off Place, A (1993)", "1237": "Flight of the Navigator (1986)", "1238": "Gnome-Mobile, The (1967)", "1239": "Great Mouse Detective, The (1986)", "1240": "Happiest Millionaire, The (1967)", "1241": "Herbie Goes Bananas (1980)", "1242": "Herbie Goes to Monte Carlo (1977)", "1243": "Honey, I Blew Up the Kid (1992)", "1244": "Honey, I Shrunk the Kids (1989)", "1245": "Hot Lead and Cold Feet (1978)", "1246": "In Search of the Castaways (1962)", "1247": "Incredible Journey, The (1963)", "1248": "Negotiator, The (1998)", "1249": "BASEketball (1998)", "1250": "Full Tilt Boogie (1997)", "1251": "Roger & Me (1989)", "1252": "Purple Rose of Cairo, The (1985)", "1253": "Fanny and Alexander (1982)", "1254": "Tender Mercies (1983)", "1255": "And the Band Played On (1993)", "1256": "Mephisto (1981)", "1257": "Blue Velvet (1986)", "1258": "Journey of Natty Gann, The (1985)", "1259": "Lady and the Tramp (1955)", "1260": "Mighty Ducks, The (1992)", "1261": "Muppet Christmas Carol, The (1992)", "1262": "Newsies (1992)", "1263": "One Magic Christmas (1985)", "1264": "Rescuers Down Under, The (1990)", "1265": "Return from Witch Mountain (1978)", "1266": "Return of Jafar, The (1993)", "1267": "Shaggy D.A., The (1976)", "1268": "Something Wicked This Way Comes (1983)", "1269": "Son of Flubber (1963)", "1270": "Song of the South (1946)", "1271": "Squanto: A Warrior's Tale (1994)", "1272": "Steamboat Willie (1940)", "1273": "Tall Tale (1994)", "1274": "Tron (1982)", "1275": "Swing Kids (1993)", "1276": "L.A. Story (1991)", "1277": "Jerk, The (1979)", "1278": "Dead Men Don't Wear Plaid (1982)", "1279": "Man with Two Brains, The (1983)", "1280": "Indiana Jones and the Temple of Doom (1984)", "1281": "Lord of the Rings, The (1978)", "1282": "Nineteen Eighty-Four (1984)", "1283": "Maximum Overdrive (1986)", "1284": "Needful Things (1993)", "1285": "Cujo (1983)", "1286": "All Dogs Go to Heaven (1989)", "1287": "Addams Family, The (1991)", "1288": "Ever After: A Cinderella Story (1998)", "1289": "First Love, Last Rites (1997)", "1290": "Safe Men (1998)", "1291": "Saltmen of Tibet, The (1997)", "1292": "Who's Afraid of Virginia Woolf? (1966)", "1293": "Weird Science (1985)", "1294": "Watership Down (1978)", "1295": "Secret of NIMH, The (1982)", "1296": "Dark Crystal, The (1982)", "1297": "American Tail, An (1986)", "1298": "American Tail: Fievel Goes West, An (1991)", "1299": "Sixteen Candles (1984)", "1300": "Pretty in Pink (1986)", "1301": "St. Elmo's Fire (1985)", "1302": "Clan of the Cave Bear, The (1986)", "1303": "House II: The Second Story (1987)", "1304": "Gods Must Be Crazy, The (1980)", "1305": "Gods Must Be Crazy II, The (1989)", "1306": "Air Bud: Golden Receiver (1998)", "1307": "How Stella Got Her Groove Back (1998)", "1308": "Chambermaid on the Titanic, The (1998)", "1309": "Henry: Portrait of a Serial Killer (1990)", "1310": "Rosemary's Baby (1968)", "1311": "NeverEnding Story, The (1984)", "1312": "NeverEnding Story II: The Next Chapter, The (1990)", "1313": "Attack of the Killer Tomatoes! (1980)", "1314": "Surf Nazis Must Die (1987)", "1315": "Dead Man on Campus (1998)", "1316": "Wrongfully Accused (1998)", "1317": "Beetlejuice (1988)", "1318": "Family Plot (1976)", "1319": "Torn Curtain (1966)", "1320": "Marnie (1964)", "1321": "Trouble with Harry, The (1955)", "1322": "Strangers on a Train (1951)", "1323": "54 (1998)", "1324": "Merry War, A (1997)", "1325": "See the Sea (Regarde la mer) (1997)", "1326": "Willow (1988)", "1327": "Untouchables, The (1987)", "1328": "Modulations (1998)", "1329": "Under Capricorn (1949)", "1330": "Paradine Case, The (1947)", "1331": "Lifeboat (1944)", "1332": "Saboteur (1942)", "1333": "Waltzes from Vienna (1933)", "1334": "Number Seventeen (1932)", "1335": "Rich and Strange (1932)", "1336": "Elstree Calling (1930)", "1337": "Murder! (1930)", "1338": "Mountain Eagle, The (1926)", "1339": "Rounders (1998)", "1340": "Digging to China (1998)", "1341": "One Man's Hero (1999)", "1342": "Simon Birch (1998)", "1343": "Without Limits (1998)", "1344": "Seven Beauties (Pasqualino Settebellezze) (1976)", "1345": "My Bodyguard (1980)", "1346": "Grandview, U.S.A. (1984)", "1347": "Broadcast News (1987)", "1348": "Allnighter, The (1987)", "1349": "Married to the Mob (1988)", "1350": "Say Anything... (1989)", "1351": "Men Don't Leave (1990)", "1352": "Cabinet of Dr. Ramirez, The (1991)", "1353": "Young Doctors in Love (1982)", "1354": "No Small Affair (1984)", "1355": "Blame It on Rio (1984)", "1356": "One Crazy Summer (1986)", "1357": "About Last Night... (1986)", "1358": "Seventh Sign, The (1988)", "1359": "Butcher's Wife, The (1991)", "1360": "Mortal Thoughts (1991)", "1361": "Few Good Men, A (1992)", "1362": "Indecent Proposal (1993)", "1363": "Century of Cinema, A (1994)", "1364": "Permanent Midnight (1998)", "1365": "One True Thing (1998)", "1366": "Lilian's Story (1995)", "1367": "Six-String Samurai (1998)", "1368": "Soldier's Daughter Never Cries, A (1998)", "1369": "Somewhere in the City (1997)", "1370": "Ronin (1998)", "1371": "Urban Legend (1998)", "1372": "Clay Pigeons (1998)", "1373": "Monument Ave. (1998)", "1374": "Pecker (1998)", "1375": "Sheltering Sky, The (1990)", "1376": "If.... (1968)", "1377": "Fiendish Plot of Dr. Fu Manchu, The (1980)", "1378": "Them! (1954)", "1379": "Stardust Memories (1980)", "1380": "Edward Scissorhands (1990)", "1381": "Overnight Delivery (1996)", "1382": "Shadrach (1998)", "1383": "Antz (1998)", "1384": "Impostors, The (1998)", "1385": "Night at the Roxbury, A (1998)", "1386": "What Dreams May Come (1998)", "1387": "Strangeland (1998)", "1388": "History of the World: Part I (1981)", "1389": "My Cousin Vinny (1992)", "1390": "Nashville (1975)", "1391": "Holy Man (1998)", "1392": "One Tough Cop (1998)", "1393": "Detroit 9000 (1973)", "1394": "2010 (1984)", "1395": "Children of a Lesser God (1986)", "1396": "Bride of Chucky (1998)", "1397": "Practical Magic (1998)", "1398": "Alarmist, The (1997)", "1399": "Reach the Rock (1997)", "1400": "Orgazmo (1997)", "1401": "Tales from the Darkside: The Movie (1990)", "1402": "American History X (1998)", "1403": "Gods and Monsters (1998)", "1404": "Waterboy, The (1998)", "1405": "Velvet Goldmine (1998)", "1406": "I Still Know What You Did Last Summer (1998)", "1407": "Meet Joe Black (1998)", "1408": "Dancing at Lughnasa (1998)", "1409": "Hard Core Logo (1996)", "1410": "Runaway Train (1985)", "1411": "Desert Bloom (1986)", "1412": "Pope of Greenwich Village, The (1984)", "1413": "Sid and Nancy (1986)", "1414": "Heart Condition (1990)", "1415": "Nights of Cabiria (Le Notti di Cabiria) (1957)", "1416": "Big Chill, The (1983)", "1417": "Enemy of the State (1998)", "1418": "Rugrats Movie, The (1998)", "1419": "Bug's Life, A (1998)", "1420": "Central Station (Central do Brasil) (1998)", "1421": "Waking Ned Devine (1998)", "1422": "Celebration, The (Festen) (1998)", "1423": "Pink Flamingos (1972)", "1424": "Glen or Glenda (1953)", "1425": "King Kong vs. Godzilla (Kingukongu tai Gojira) (1962)", "1426": "King Kong Lives (1986)", "1427": "Desperately Seeking Susan (1985)", "1428": "Emerald Forest, The (1985)", "1429": "Fletch (1985)", "1430": "Fletch Lives (1989)", "1431": "Red Sonja (1985)", "1432": "Gung Ho (1986)", "1433": "Money Pit, The (1986)", "1434": "View to a Kill, A (1985)", "1435": "Lifeforce (1985)", "1436": "Police Academy (1984)", "1437": "Police Academy 2: Their First Assignment (1985)", "1438": "Police Academy 3: Back in Training (1986)", "1439": "Police Academy 4: Citizens on Patrol (1987)", "1440": "Police Academy 5: Assignment: Miami Beach (1988)", "1441": "Police Academy 6: City Under Siege (1989)", "1442": "Babe: Pig in the City (1998)", "1443": "Home Fries (1998)", "1444": "Very Bad Things (1998)", "1445": "Steam: The Turkish Bath (Hamam) (1997)", "1446": "Little Voice (1998)", "1447": "Simple Plan, A (1998)", "1448": "Star Trek: Insurrection (1998)", "1449": "Prince of Egypt, The (1998)", "1450": "Rushmore (1998)", "1451": "Shakespeare in Love (1998)", "1452": "Santa Claus: The Movie (1985)", "1453": "Prancer (1989)", "1454": "Pale Rider (1985)", "1455": "Rambo: First Blood Part II (1985)", "1456": "First Blood (1982)", "1457": "Rambo III (1988)", "1458": "Jewel of the Nile, The (1985)", "1459": "Romancing the Stone (1984)", "1460": "Cocoon: The Return (1988)", "1461": "Rocky II (1979)", "1462": "Rocky III (1982)", "1463": "Rocky IV (1985)", "1464": "Rocky V (1990)", "1465": "Clue (1985)", "1466": "Young Sherlock Holmes (1985)", "1467": "Violets Are Blue... (1986)", "1468": "Heartburn (1986)", "1469": "Nothing in Common (1986)", "1470": "You've Got Mail (1998)", "1471": "Theory of Flight, The (1998)", "1472": "Patch Adams (1998)", "1473": "Stepmom (1998)", "1474": "Civil Action, A (1998)", "1475": "Down in the Delta (1998)", "1476": "Hurlyburly (1998)", "1477": "Tea with Mussolini (1999)", "1478": "Wilde (1997)", "1479": "Outside Ozona (1998)", "1480": "Hi-Lo Country, The (1998)", "1481": "Hilary and Jackie (1998)", "1482": "Playing by Heart (1998)", "1483": "Varsity Blues (1999)", "1484": "Garbage Pail Kids Movie, The (1987)", "1485": "Howard the Duck (1986)", "1486": "Gate II: Trespassers, The (1990)", "1487": "Boy Who Could Fly, The (1986)", "1488": "Fly II, The (1989)", "1489": "Armed and Dangerous (1986)", "1490": "Texas Chainsaw Massacre, The (1974)", "1491": "Texas Chainsaw Massacre 2, The (1986)", "1492": "Leatherface: Texas Chainsaw Massacre III (1990)", "1493": "Ruthless People (1986)", "1494": "Deadly Friend (1986)", "1495": "Belizaire the Cajun (1986)", "1496": "Name of the Rose, The (1986)", "1497": "Jumpin' Jack Flash (1986)", "1498": "Peggy Sue Got Married (1986)", "1499": "Crocodile Dundee (1986)", "1500": "Crocodile Dundee II (1988)", "1501": "Soul Man (1986)", "1502": "Color of Money, The (1986)", "1503": "52 Pick-Up (1986)", "1504": "Heartbreak Ridge (1986)", "1505": "Firewalker (1986)", "1506": "Dry Cleaning (Nettoyage \u0430 sec) (1997)", "1507": "Still Crazy (1998)", "1508": "Day of the Beast, The (El D\u043da de la bestia) (1995)", "1509": "She's All That (1999)", "1510": "Blood, Guts, Bullets and Octane (1998)", "1511": "20 Dates (1998)", "1512": "Harmonists, The (1997)", "1513": "Blast from the Past (1999)", "1514": "My Favorite Martian (1999)", "1515": "October Sky (1999)", "1516": "Office Space (1999)", "1517": "200 Cigarettes (1999)", "1518": "8MM (1999)", "1519": "Breakfast of Champions (1999)", "1520": "Eight Days a Week (1997)", "1521": "Just the Ticket (1999)", "1522": "Long Goodbye, The (1973)", "1523": "Pet Sematary (1989)", "1524": "Pet Sematary II (1992)", "1525": "Children of the Corn II: The Final Sacrifice (1993)", "1526": "Airport 1975 (1974)", "1527": "Airport '77 (1977)", "1528": "Towering Inferno, The (1974)", "1529": "Alligator (1980)", "1530": "Westworld (1973)", "1531": "Beneath the Planet of the Apes (1970)", "1532": "Battle for the Planet of the Apes (1973)", "1533": "Conquest of the Planet of the Apes (1972)", "1534": "Escape from the Planet of the Apes (1971)", "1535": "Beyond the Poseidon Adventure (1979)", "1536": "Dancemaker (1998)", "1537": "Analyze This (1999)", "1538": "Corruptor, The (1999)", "1539": "Cruel Intentions (1999)", "1540": "Six Ways to Sunday (1997)", "1541": "School of Flesh, The (L' \u0419cole de la chair) (1998)", "1542": "Relax... It's Just Sex (1998)", "1543": "Deep End of the Ocean, The (1999)", "1544": "Rage: Carrie 2, The (1999)", "1545": "Dead Ringers (1988)", "1546": "Children of the Damned (1963)", "1547": "Baby Geniuses (1999)", "1548": "Telling You (1998)", "1549": "I Stand Alone (Seul contre tous) (1998)", "1550": "Empty Mirror, The (1999)", "1551": "Doug's 1st Movie (1999)", "1552": "EDtv (1999)", "1553": "Mod Squad, The (1999)", "1554": "Matrix, The (1999)", "1555": "10 Things I Hate About You (1999)", "1556": "Dreamlife of Angels, The (La Vie r\u043av\u0439e des anges) (1998)", "1557": "Love, etc. (1996)", "1558": "Metroland (1997)", "1559": "Sticky Fingers of Time, The (1997)", "1560": "Following (1998)", "1561": "Never Been Kissed (1999)", "1562": "Twin Dragons (Shuang long hui) (1992)", "1563": "Cookie's Fortune (1999)", "1564": "Foolish (1999)", "1565": "Friends & Lovers (1999)", "1566": "Hideous Kinky (1998)", "1567": "Jeanne and the Perfect Guy (Jeanne et le gar\u0437on formidable) (1998)", "1568": "Joyriders, The (1999)", "1569": "SLC Punk! (1998)", "1570": "Pushing Tin (1999)", "1571": "eXistenZ (1999)", "1572": "N\u0444 (1998)", "1573": "Idle Hands (1999)", "1574": "Get Real (1998)", "1575": "King of Masks, The (Bian Lian) (1996)", "1576": "Three Seasons (1999)", "1577": "Night of the Comet (1984)", "1578": "Chopping Mall (a.k.a. Killbots) (1986)", "1579": "My Science Project (1985)", "1580": "This Is My Father (1998)", "1581": "After Life (1998)", "1582": "Edge of Seventeen (1998)", "1583": "Endurance (1998)", "1584": "Star Wars: Episode I - The Phantom Menace (1999)", "1585": "Besieged (L' Assedio) (1998)", "1586": "Frogs for Snakes (1998)", "1587": "Saragossa Manuscript, The (Rekopis znaleziony w Saragossie) (1965)", "1588": "Mummy's Curse, The (1944)", "1589": "Mummy's Hand, The (1940)", "1590": "Mummy's Tomb, The (1942)", "1591": "Superman II (1980)", "1592": "Superman III (1983)", "1593": "Superman IV: The Quest for Peace (1987)", "1594": "House of Dracula (1945)", "1595": "Son of Frankenstein (1939)", "1596": "Ghost of Frankenstein, The (1942)", "1597": "Frankenstein Meets the Wolf Man (1943)", "1598": "Curse of Frankenstein, The (1957)", "1599": "Howling II: Your Sister Is a Werewolf (1985)", "1600": "Rocky Horror Picture Show, The (1975)", "1601": "It Came from Hollywood (1982)", "1602": "It Came from Outer Space (1953)", "1603": "It Came from Beneath the Sea (1955)", "1604": "It Conquered the World (1956)", "1605": "Mole People, The (1956)", "1606": "Swamp Thing (1982)", "1607": "Pork Chop Hill (1959)", "1608": "Run Silent, Run Deep (1958)", "1609": "Notting Hill (1999)", "1610": "Thirteenth Floor, The (1999)", "1611": "Eternity and a Day (Mia eoniotita ke mia mera ) (1998)", "1612": "Loss of Sexual Innocence, The (1999)", "1613": "Twice Upon a Yesterday (1998)", "1614": "Buena Vista Social Club (1999)", "1615": "Desert Blue (1999)", "1616": "Finding North (1999)", "1617": "Free Enterprise (1998)", "1618": "Austin Powers: The Spy Who Shagged Me (1999)", "1619": "Taxman (1999)", "1620": "Red Dwarf, The (Le Nain rouge) (1998)", "1621": "Red Violin, The (Le Violon rouge) (1998)", "1622": "Get Bruce (1999)", "1623": "Legend of 1900, The (Leggenda del pianista sull'oceano) (1998)", "1624": "Run Lola Run (Lola rennt) (1998)", "1625": "Trekkies (1997)", "1626": "Dinner Game, The (Le D\u043ener de cons) (1998)", "1627": "My Son the Fanatic (1998)", "1628": "Zone 39 (1997)", "1629": "Arachnophobia (1990)", "1630": "Wild Wild West (1999)", "1631": "Summer of Sam (1999)", "1632": "Broken Vessels (1998)", "1633": "Lovers on the Bridge, The (Les Amants du Pont-Neuf) (1991)", "1634": "Late August, Early September (Fin ao\u044bt, d\u0439but septembre) (1998)", "1635": "Arlington Road (1999)", "1636": "Blair Witch Project, The (1999)", "1637": "My Life So Far (1999)", "1638": "Eyes Wide Shut (1999)", "1639": "Lake Placid (1999)", "1640": "Wood, The (1999)", "1641": "Velocity of Gary, The (1998)", "1642": "Ghostbusters II (1989)", "1643": "Inspector Gadget (1999)", "1644": "Deep Blue Sea (1999)", "1645": "Runaway Bride (1999)", "1646": "Twin Falls Idaho (1999)", "1647": "Killing, The (1956)", "1648": "Killer's Kiss (1955)", "1649": "Barry Lyndon (1975)", "1650": "400 Blows, The (Les Quatre cents coups) (1959)", "1651": "Jules and Jim (Jules et Jim) (1961)", "1652": "Vibes (1988)", "1653": "Mosquito Coast, The (1986)", "1654": "Golden Child, The (1986)", "1655": "Brighton Beach Memoirs (1986)", "1656": "Color Purple, The (1985)", "1657": "Kindred, The (1986)", "1658": "M\u0439nage (Tenue de soir\u0439e) (1986)", "1659": "Little Shop of Horrors (1986)", "1660": "Little Shop of Horrors, The (1960)", "1661": "Radio Days (1987)", "1662": "From the Hip (1987)", "1663": "Outrageous Fortune (1987)", "1664": "Deadtime Stories (1987)", "1665": "Light of Day (1987)", "1666": "Plenty (1985)", "1667": "Dick (1999)", "1668": "Iron Giant, The (1999)", "1669": "Sixth Sense, The (1999)", "1670": "Acid House, The (1998)", "1671": "Adventures of Sebastian Cole, The (1998)", "1672": "Illuminata (1998)", "1673": "Stiff Upper Lips (1998)", "1674": "Yards, The (1999)", "1675": "Bowfinger (1999)", "1676": "Brokedown Palace (1999)", "1677": "Detroit Rock City (1999)", "1678": "Alice and Martin (Alice et Martin) (1998)", "1679": "Better Than Chocolate (1999)", "1680": "Never Talk to Strangers (1995)", "1681": "Tingler, The (1959)", "1682": "Tomb of Ligeia, The (1965)", "1683": "Tales of Terror (1962)", "1684": "And Now for Something Completely Different (1971)", "1685": "Damien: Omen II (1978)", "1686": "Final Conflict, The (a.k.a. Omen III: The Final Conflict) (1981)", "1687": "Airplane! (1980)", "1688": "Airplane II: The Sequel (1982)", "1689": "American Werewolf in Paris, An (1997)", "1690": "Funny Farm (1988)", "1691": "Big (1988)", "1692": "Problem Child 2 (1991)", "1693": "Little Nemo: Adventures in Slumberland (1992)", "1694": "Oscar and Lucinda (a.k.a. Oscar & Lucinda) (1997)", "1695": "Pelican Brief, The (1993)", "1696": "Christmas Story, A (1983)", "1697": "Mickey Blue Eyes (1999)", "1698": "Teaching Mrs. Tingle (1999)", "1699": "Universal Soldier: The Return (1999)", "1700": "Love Stinks (1999)", "1701": "Perfect Blue (1997)", "1702": "Iron Eagle (1986)", "1703": "Iron Eagle II (1988)", "1704": "Aces: Iron Eagle III (1992)", "1705": "Iron Eagle IV (1995)", "1706": "Three Days of the Condor (1975)", "1707": "Male and Female (1919)", "1708": "Spiders, The (Die Spinnen, 1. Teil: Der Goldene See) (1919)", "1709": "13th Warrior, The (1999)", "1710": "Astronaut's Wife, The (1999)", "1711": "Dudley Do-Right (1999)", "1712": "Cabaret Balkan (Bure Baruta) (1998)", "1713": "Lost Son, The (1999)", "1714": "Lucie Aubrac (1997)", "1715": "Outside Providence (1999)", "1716": "I Woke Up Early the Day I Died (1998)", "1717": "West Beirut (West Beyrouth) (1998)", "1718": "Stigmata (1999)", "1719": "Stir of Echoes (1999)", "1720": "Black Cat, White Cat (Crna macka, beli macor) (1998)", "1721": "Minus Man, The (1999)", "1722": "White Boys (1999)", "1723": "Adventures of Milo and Otis, The (1986)", "1724": "Only Angels Have Wings (1939)", "1725": "Queens Logic (1991)", "1726": "Saturn 3 (1979)", "1727": "Soldier's Story, A (1984)", "1728": "Yellow Submarine (1968)", "1729": "Stop Making Sense (1984)", "1730": "For Love of the Game (1999)", "1731": "Hard Day's Night, A (1964)", "1732": "Sugar Town (1999)", "1733": "Buddy Holly Story, The (1978)", "1734": "Barefoot in the Park (1967)", "1735": "Excalibur (1981)", "1736": "Lulu on the Bridge (1998)", "1737": "Pajama Game, The (1957)", "1738": "Sommersby (1993)", "1739": "Hell Night (1981)", "1740": "Jakob the Liar (1999)", "1741": "Mumford (1999)", "1742": "Adventures of Elmo in Grouchland, The (1999)", "1743": "Simon Sez (1999)", "1744": "Mystery, Alaska (1999)", "1745": "Happy, Texas (1999)", "1746": "New Rose Hotel (1998)", "1747": "Napoleon and Samantha (1972)", "1748": "Alvarez Kelly (1966)", "1749": "And the Ship Sails On (E la nave va) (1984)", "1750": "Dark Half, The (1993)", "1751": "Monkey Shines (1988)", "1752": "Psycho II (1983)", "1753": "Psycho III (1986)", "1754": "Sanjuro (1962)", "1755": "Random Hearts (1999)", "1756": "Boys Don't Cry (1999)", "1757": "Five Wives, Three Secretaries and Me (1998)", "1758": "Limey, The (1999)", "1759": "Mating Habits of the Earthbound Human, The (1998)", "1760": "Ferris Bueller's Day Off (1986)", "1761": "Children of Paradise (Les enfants du paradis) (1945)", "1762": "High Plains Drifter (1972)", "1763": "Drunken Master (Zui quan) (1979)", "1764": "Return with Honor (1998)", "1765": "Time of the Gypsies (Dom za vesanje) (1989)", "1766": "Days of Heaven (1978)", "1767": "Lady Eve, The (1941)", "1768": "Sullivan's Travels (1942)", "1769": "Palm Beach Story, The (1942)", "1770": "Man Facing Southeast (Hombre Mirando al Sudeste) (1986)", "1771": "Gilda (1946)", "1772": "Flashdance (1983)", "1773": "Indochine (1992)", "1774": "Dirty Dozen, The (1967)", "1775": "Mike's Murder (1984)", "1776": "Goldfinger (1964)", "1777": "From Russia with Love (1963)", "1778": "Dr. No (1962)", "1779": "Fistful of Dollars, A (1964)", "1780": "Home Alone 2: Lost in New York (1992)", "1781": "Penitentiary II (1982)", "1782": "Someone to Watch Over Me (1987)", "1783": "Naturally Native (1998)", "1784": "Fight Club (1999)", "1785": "Story of Us, The (1999)", "1786": "Joe the King (1999)", "1787": "Julien Donkey-Boy (1999)", "1788": "Omega Code, The (1999)", "1789": "Straight Story, The (1999)", "1790": "Time Bandits (1981)", "1791": "Man and a Woman, A (Un Homme et une Femme) (1966)", "1792": "Fitzcarraldo (1982)", "1793": "All That Jazz (1979)", "1794": "Red Sorghum (Hong Gao Liang) (1987)", "1795": "Crimes and Misdemeanors (1989)", "1796": "Bringing Out the Dead (1999)", "1797": "Crazy in Alabama (1999)", "1798": "Three to Tango (1999)", "1799": "Men Cry Bullets (1997)", "1800": "Brother, Can You Spare a Dime? (1975)", "1801": "Ipcress File, The (1965)", "1802": "On Any Sunday (1971)", "1803": "Melvin and Howard (1980)", "1804": "For Your Eyes Only (1981)", "1805": "Licence to Kill (1989)", "1806": "Live and Let Die (1973)", "1807": "Rawhead Rex (1986)", "1808": "Thunderball (1965)", "1809": "Music of the Heart (1999)", "1810": "Being John Malkovich (1999)", "1811": "Dreaming of Joseph Lees (1998)", "1812": "Man of the Century (1999)", "1813": "Suburbans, The (1999)", "1814": "My Best Fiend (Mein liebster Feind) (1999)", "1815": "Train of Life (Train De Vie) (1998)", "1816": "Bone Collector, The (1999)", "1817": "Insider, The (1999)", "1818": "American Movie (1999)", "1819": "Portraits Chinois (1996)", "1820": "Rosetta (1999)", "1821": "They Shoot Horses, Don't They? (1969)", "1822": "Battling Butler (1926)", "1823": "Bride of Re-Animator (1990)", "1824": "Bustin' Loose (1981)", "1825": "Creepshow 2 (1987)", "1826": "Re-Animator (1985)", "1827": "Drugstore Cowboy (1989)", "1828": "Falling Down (1993)", "1829": "Funhouse, The (1981)", "1830": "My Best Girl (1927)", "1831": "Rough Night in Jericho (1967)", "1832": "Slaughterhouse (1987)", "1833": "Yojimbo (1961)", "1834": "Repossessed (1990)", "1835": "Omega Man, The (1971)", "1836": "Spaceballs (1987)", "1837": "Quest for Fire (1981)", "1838": "Face in the Crowd, A (1957)", "1839": "Meatballs (1979)", "1840": "Meatballs Part II (1984)", "1841": "Meatballs 4 (1992)", "1842": "Dead Again (1991)", "1843": "Peter's Friends (1992)", "1844": "Incredibly True Adventure of Two Girls in Love, The (1995)", "1845": "How I Won the War (1967)", "1846": "Light It Up (1999)", "1847": "Anywhere But Here (1999)", "1848": "Dogma (1999)", "1849": "Messenger: The Story of Joan of Arc, The (1999)", "1850": "Pok\u0439mon: The First Movie (1998)", "1851": "Felicia's Journey (1999)", "1852": "Where's Marlowe? (1999)", "1853": "British Intelligence (1940)", "1854": "Commitments, The (1991)", "1855": "Holiday Inn (1942)", "1856": "Longest Day, The (1962)", "1857": "Ten Benny (1997)", "1858": "Tora! Tora! Tora! (1970)", "1859": "Women on the Verge of a Nervous Breakdown (1988)", "1860": "Effect of Gamma Rays on Man-in-the-Moon Marigolds, The (1972)", "1861": "Moonstruck (1987)", "1862": "Jeremiah Johnson (1972)", "1863": "Repulsion (1965)", "1864": "42 Up (1998)", "1865": "Liberty Heights (1999)", "1866": "Sleepy Hollow (1999)", "1867": "World Is Not Enough, The (1999)", "1868": "All About My Mother (Todo Sobre Mi Madre) (1999)", "1869": "Home Page (1999)", "1870": "Living Dead Girl, The (La Morte Vivante) (1982)", "1871": "Scrooged (1988)", "1872": "Matewan (1987)", "1873": "Kagemusha (1980)", "1874": "McCabe & Mrs. Miller (1971)", "1875": "Grapes of Wrath, The (1940)", "1876": "Shop Around the Corner, The (1940)", "1877": "Natural, The (1984)", "1878": "Shampoo (1975)", "1879": "River Runs Through It, A (1992)", "1880": "Fatal Attraction (1987)", "1881": "Jagged Edge (1985)", "1882": "Stanley & Iris (1990)", "1883": "Awakenings (1990)", "1884": "Come See the Paradise (1990)", "1885": "Backdraft (1991)", "1886": "Fisher King, The (1991)", "1887": "Places in the Heart (1984)", "1888": "End of Days (1999)", "1889": "Toy Story 2 (1999)", "1890": "Distinguished Gentleman, The (1992)", "1891": "Hitch-Hiker, The (1953)", "1892": "Santa Fe Trail (1940)", "1893": "Agnes Browne (1999)", "1894": "Holy Smoke (1999)", "1895": "Map of the World, A (1999)", "1896": "Sweet and Lowdown (1999)", "1897": "Broadway Damage (1997)", "1898": "Great Santini, The (1979)", "1899": "James Dean Story, The (1957)", "1900": "Sea Wolves, The (1980)", "1901": "Two Jakes, The (1990)", "1902": "U2: Rattle and Hum (1988)", "1903": "Hell in the Pacific (1968)", "1904": "Glass Bottom Boat, The (1966)", "1905": "Deuce Bigalow: Male Gigolo (1999)", "1906": "Green Mile, The (1999)", "1907": "Cider House Rules, The (1999)", "1908": "War Zone, The (1999)", "1909": "Bat Whispers, The (1930)", "1910": "Last Picture Show, The (1971)", "1911": "7th Voyage of Sinbad, The (1958)", "1912": "Blood on the Sun (1945)", "1913": "Bicentennial Man (1999)", "1914": "Stuart Little (1999)", "1915": "Emperor and the Assassin, The (Jing ke ci qin wang) (1999)", "1916": "Fantasia 2000 (1999)", "1917": "Onegin (1999)", "1918": "Simpatico (1999)", "1919": "Topsy-Turvy (1999)", "1920": "Alley Cats, The (1968)", "1921": "Carnal Knowledge (1971)", "1922": "Falcon and the Snowman, The (1984)", "1923": "Room at the Top (1959)", "1924": "Any Given Sunday (1999)", "1925": "Man on the Moon (1999)", "1926": "Galaxy Quest (1999)", "1927": "Talented Mr. Ripley, The (1999)", "1928": "Next Friday (1999)", "1929": "Angela's Ashes (1999)", "1930": "Third Miracle, The (1999)", "1931": "Snow Falling on Cedars (1999)", "1932": "Girl, Interrupted (1999)", "1933": "Life and Times of Hank Greenberg, The (1998)", "1934": "My Dog Skip (1999)", "1935": "Stalag 17 (1953)", "1936": "Presidio, The (1988)", "1937": "Pal Joey (1957)", "1938": "Last Detail, The (1973)", "1939": "Five Easy Pieces (1970)", "1940": "Even Dwarfs Started Small (Auch Zwerge haben klein angefangen) (1971)", "1941": "Dead Calm (1989)", "1942": "Boys from Brazil, The (1978)", "1943": "Loaded Weapon 1 (1993)", "1944": "Fast Times at Ridgemont High (1982)", "1945": "Cry in the Dark, A (1988)", "1946": "Batman: Mask of the Phantasm (1993)", "1947": "American Flyers (1985)", "1948": "Voyage of the Damned (1976)", "1949": "Pacific Heights (1990)", "1950": "Night Tide (1961)", "1951": "Draughtsman's Contract, The (1982)", "1952": "Zed & Two Noughts, A (1985)", "1953": "Woman in the Dunes (Suna no onna) (1964)", "1954": "Down to You (2000)", "1955": "Wirey Spindell (1999)", "1956": "Another Man's Poison (1952)", "1957": "Odessa File, The (1974)", "1958": "Saphead, The (1920)", "1959": "Seven Chances (1925)", "1960": "Smashing Time (1967)", "1961": "Train Ride to Hollywood (1978)", "1962": "Zachariah (1971)", "1963": "Kestrel's Eye (Falkens \u0446ga) (1998)", "1964": "Big Tease, The (1999)", "1965": "Santitos (1997)", "1966": "Encino Man (1992)", "1967": "I Am Cuba (Soy Cuba/Ya Kuba) (1964)", "1968": "Sister Act (1992)", "1969": "Sister Act 2: Back in the Habit (1993)", "1970": "Hand That Rocks the Cradle, The (1992)", "1971": "Agnes of God (1985)", "1972": "Wayne's World (1992)", "1973": "Wayne's World 2 (1993)", "1974": "League of Their Own, A (1992)", "1975": "Patriot Games (1992)", "1976": "Death Becomes Her (1992)", "1977": "Far and Away (1992)", "1978": "Howards End (1992)", "1979": "Twin Peaks: Fire Walk with Me (1992)", "1980": "White Men Can't Jump (1992)", "1981": "Buffy the Vampire Slayer (1992)", "1982": "Man Bites Dog (C'est arriv\u0439 pr\u0438s de chez vous) (1992)", "1983": "Mariachi, El (1992)", "1984": "Stop! Or My Mom Will Shoot (1992)", "1985": "Cutting Edge, The (1992)", "1986": "Bad Lieutenant (1992)", "1987": "Scream 3 (2000)", "1988": "Single White Female (1992)", "1989": "Boondock Saints, The (1999)", "1990": "Beloved/Friend (Amigo/Amado) (1999)", "1991": "Gendernauts (1999)", "1992": "Brandon Teena Story, The (1998)", "1993": "Different for Girls (1996)", "1994": "Minnie and Moskowitz (1971)", "1995": "They Might Be Giants (1971)", "1996": "Snow Day (2000)", "1997": "Tigger Movie, The (2000)", "1998": "Cotton Mary (1999)", "1999": "Not One Less (Yi ge dou bu neng shao) (1999)", "2000": "Soft Toilet Seats (1999)", "2001": "Trois (2000)", "2002": "Big Combo, The (1955)", "2003": "Conceiving Ada (1997)", "2004": "Eaten Alive (1976)", "2005": "Raining Stones (1993)", "2006": "With Byrd at the South Pole (1930)", "2007": "Hanging Up (2000)", "2008": "Pitch Black (2000)", "2009": "Whole Nine Yards, The (2000)", "2010": "Black Tar Heroin: The Dark End of the Street (1999)", "2011": "Circus, The (1928)", "2012": "Flamingo Kid, The (1984)", "2013": "Man from Laramie, The (1955)", "2014": "Big Trees, The (1952)", "2015": "Happy Go Lovely (1951)", "2016": "Reindeer Games (2000)", "2017": "Wonder Boys (2000)", "2018": "Deterrence (1998)", "2019": "Judy Berlin (1999)", "2020": "Mifune (Mifunes sidste sang) (1999)", "2021": "3 Strikes (2000)", "2022": "Chain of Fools (2000)", "2023": "Drowning Mona (2000)", "2024": "Next Best Thing, The (2000)", "2025": "What Planet Are You From? (2000)", "2026": "Ghost Dog: The Way of the Samurai (1999)", "2027": "Year My Voice Broke, The (1987)", "2028": "My Tutor (1983)", "2029": "Legend of Lobo, The (1962)", "2030": "Killing of Sister George, The (1968)", "2031": "Key Largo (1948)", "2032": "For All Mankind (1989)", "2033": "Cross of Iron (1977)", "2034": "Bride of the Monster (1956)", "2035": "Birdy (1984)", "2036": "Charlie, the Lonesome Cougar (1967)", "2037": "Color Me Blood Red (1965)", "2038": "Never Cry Wolf (1983)", "2039": "Two Thousand Maniacs! (1964)", "2040": "Brown's Requiem (1998)", "2041": "Closer You Get, The (2000)", "2042": "Mission to Mars (2000)", "2043": "Ninth Gate, The (2000)", "2044": "Condo Painting (2000)", "2045": "Defending Your Life (1991)", "2046": "Breaking Away (1979)", "2047": "Hoosiers (1986)", "2048": "Bull Durham (1988)", "2049": "Dog Day Afternoon (1975)", "2050": "American Graffiti (1973)", "2051": "Asphalt Jungle, The (1950)", "2052": "Searchers, The (1956)", "2053": "Where Eagles Dare (1969)", "2054": "Devil's Brigade, The (1968)", "2055": "Big Country, The (1958)", "2056": "Any Number Can Win (M\u0439lodie en sous-sol ) (1963)", "2057": "Bridge at Remagen, The (1969)", "2058": "Buck and the Preacher (1972)", "2059": "Daughters of the Dust (1992)", "2060": "Destination Moon (1950)", "2061": "Hangmen Also Die (1943)", "2062": "Railroaded! (1947)", "2063": "Slaves to the Underground (1997)", "2064": "Song of Freedom (1936)", "2065": "Big Fella (1937)", "2066": "Volunteers (1985)", "2067": "Who's Harry Crumb? (1989)", "2068": "Harry and the Hendersons (1987)", "2069": "Let's Get Harry (1986)", "2070": "Shanghai Surprise (1986)", "2071": "Who's That Girl? (1987)", "2072": "She-Devil (1989)", "2073": "Date with an Angel (1987)", "2074": "Muppet Movie, The (1979)", "2075": "Great Muppet Caper, The (1981)", "2076": "Muppets Take Manhattan, The (1984)", "2077": "Sesame Street Presents Follow That Bird (1985)", "2078": "We're Back! A Dinosaur's Story (1993)", "2079": "Turtle Diary (1985)", "2080": "Raise the Titanic (1980)", "2081": "Captain Horatio Hornblower (1951)", "2082": "Erin Brockovich (2000)", "2083": "Soft Fruit (1999)", "2084": "Babymother (1998)", "2085": "Love Is a Many-Splendored Thing (1955)", "2086": "Crimson Pirate, The (1952)", "2087": "Thelma & Louise (1991)", "2088": "Something for Everyone (1970)", "2089": "...And Justice for All (1979)", "2090": "Animal House (1978)", "2091": "She's Gotta Have It (1986)", "2092": "School Daze (1988)", "2093": "Do the Right Thing (1989)", "2094": "Mo' Better Blues (1990)", "2095": "Jungle Fever (1991)", "2096": "Coogan's Bluff (1968)", "2097": "Creature Comforts (1990)", "2098": "Death Wish II (1982)", "2099": "Death Wish 3 (1985)", "2100": "Death Wish 4: The Crackdown (1987)", "2101": "Death Wish V: The Face of Death (1994)", "2102": "Dying Young (1991)", "2103": "Cool as Ice (1991)", "2104": "Teenage Mutant Ninja Turtles II: The Secret of the Ooze (1991)", "2105": "Teenage Mutant Ninja Turtles III (1993)", "2106": "Band of the Hand (1986)", "2107": "Born American (1986)", "2108": "Bloodsport (1988)", "2109": "Eyes of Laura Mars (1978)", "2110": "Funny Bones (1995)", "2111": "Good Earth, The (1937)", "2112": "Good Morning, Vietnam (1987)", "2113": "Grumpy Old Men (1993)", "2114": "Guess Who's Coming to Dinner (1967)", "2115": "Romeo Must Die (2000)", "2116": "Here on Earth (2000)", "2117": "Buddy Boy (1999)", "2118": "Color of Paradise, The (Rang-e Khoda) (1999)", "2119": "Hillbillys in a Haunted House (1967)", "2120": "Solar Crisis (1993)", "2121": "That's Life! (1986)", "2122": "Heart and Souls (1993)", "2123": "Hud (1963)", "2124": "Hustler, The (1961)", "2125": "Close Encounters of the Third Kind (1977)", "2126": "Jonah Who Will Be 25 in the Year 2000 (1976)", "2127": "Retroactive (1997)", "2128": "Empire Records (1995)", "2129": "Bamba, La (1987)", "2130": "Ladyhawke (1985)", "2131": "Price of Glory (2000)", "2132": "Road to El Dorado, The (2000)", "2133": "Skulls, The (2000)", "2134": "Hideous Sun Demon, The (1959)", "2135": "Hook (1991)", "2136": "Horror Express (1972)", "2137": "My Chauffeur (1986)", "2138": "Son of the Sheik, The (1926)", "2139": "Torso (Corpi Presentano Tracce di Violenza Carnale) (1973)", "2140": "Roadside Prophets (1992)", "2141": "Madame Sousatzka (1988)", "2142": "Max Dugan Returns (1983)", "2143": "Midnight Express (1978)", "2144": "Misery (1990)", "2145": "Mr. Saturday Night (1992)", "2146": "Murphy's Romance (1985)", "2147": "My Life (1993)", "2148": "North Dallas Forty (1979)", "2149": "Odd Couple, The (1968)", "2150": "Outlaw Josey Wales, The (1976)", "2151": "Frequency (2000)", "2152": "Ready to Rumble (2000)", "2153": "Return to Me (2000)", "2154": "Rules of Engagement (2000)", "2155": "Joe Gould's Secret (2000)", "2156": "Me Myself I (2000)", "2157": "Bell, Book and Candle (1958)", "2158": "End of Violence, The (1997)", "2159": "Force 10 from Navarone (1978)", "2160": "How to Stuff a Wild Bikini (1965)", "2161": "Mystery Train (1989)", "2162": "Sacco and Vanzetti (Sacco e Vanzetti) (1971)", "2163": "Taffin (1988)", "2164": "Parenthood (1989)", "2165": "Predator (1987)", "2166": "Prince of Tides, The (1991)", "2167": "Smoking/No Smoking (1993)", "2168": "All the Vermeers in New York (1990)", "2169": "Actor's Revenge, An (Yukinojo Henge) (1963)", "2170": "28 Days (2000)", "2171": "American Psycho (2000)", "2172": "Keeping the Faith (2000)", "2173": "Where the Money Is (2000)", "2174": "Filth and the Fury, The (2000)", "2175": "Passion of Mind (1999)", "2176": "Third World Cop (1999)", "2177": "Coming Apart (1969)", "2178": "Diner (1982)", "2179": "Shakes the Clown (1991)", "2180": "Prick Up Your Ears (1987)", "2181": "Auntie Mame (1958)", "2182": "Guys and Dolls (1955)", "2183": "Marathon Man (1976)", "2184": "Caddyshack (1980)", "2185": "U-571 (2000)", "2186": "Virgin Suicides, The (1999)", "2187": "Jennifer 8 (1992)", "2188": "Stacy's Knights (1982)", "2189": "Crow: Salvation, The (2000)", "2190": "Flintstones in Viva Rock Vegas, The (2000)", "2191": "Bossa Nova (1999)", "2192": "Smiling Fish and Goat on Fire (1999)", "2193": "Idiots, The (Idioterne) (1998)", "2194": "Last September, The (1999)", "2195": "Carnosaur (1993)", "2196": "Carnosaur 2 (1995)", "2197": "Carnosaur 3: Primal Species (1996)", "2198": "I Dreamed of Africa (2000)", "2199": "Up at the Villa (2000)", "2200": "Human Traffic (1999)", "2201": "Jails, Hospitals & Hip-Hop (2000)", "2202": "Black Tights (Les Collants Noirs) (1960)", "2203": "Great Locomotive Chase, The (1956)", "2204": "King of Marvin Gardens, The (1972)", "2205": "Kill, Baby... Kill! (Operazione Paura) (1966)", "2206": "Lords of Flatbush, The (1974)", "2207": "Mr. Mom (1983)", "2208": "Battlefield Earth (2000)", "2209": "Anchors Aweigh (1945)", "2210": "Blue Hawaii (1961)", "2211": "Castaway Cowboy, The (1974)", "2212": "Gay Deceivers, The (1969)", "2213": "King Creole (1958)", "2214": "On the Town (1949)", "2215": "Pee-wee's Big Adventure (1985)", "2216": "Regret to Inform (1998)", "2217": "Roustabout (1964)", "2218": "Saludos Amigos (1943)", "2219": "Slipper and the Rose, The (1976)", "2220": "Things Change (1988)", "2221": "Honeymoon in Vegas (1992)", "2222": "Dinosaur (2000)", "2223": "Small Time Crooks (2000)", "2224": "Hollywood Knights, The (1980)", "2225": "Myth of Fingerprints, The (1997)", "2226": "Mission: Impossible 2 (2000)", "2227": "Shanghai Noon (2000)", "2228": "Better Living Through Circuitry (1999)", "2229": "Flying Tigers (1942)", "2230": "Gold Rush, The (1925)", "2231": "It's in the Water (1998)", "2232": "Monsieur Verdoux (1947)", "2233": "On Her Majesty's Secret Service (1969)", "2234": "Seven Days in May (1964)", "2235": "Spy Who Loved Me, The (1977)", "2236": "Those Who Love Me Can Take the Train (Ceux qui m'aiment prendront le train) (1998)", "2237": "Moonraker (1979)", "2238": "Man with the Golden Gun, The (1974)", "2239": "King in New York, A (1957)", "2240": "Woman of Paris, A (1923)", "2241": "Fighting Seabees, The (1944)", "2242": "Dark Command (1940)", "2243": "Big Momma's House (2000)", "2244": "American Gigolo (1980)", "2245": "Blood Spattered Bride, The (La Novia Ensangrentada) (1972)", "2246": "City of the Living Dead (Paura nella citt\u0430 dei morti viventi) (1980)", "2247": "Endless Summer, The (1966)", "2248": "Guns of Navarone, The (1961)", "2249": "Lured (1947)", "2250": "Pandora and the Flying Dutchman (1951)", "2251": "Quatermass and the Pit (1967)", "2252": "Puppet Master (1989)", "2253": "Puppet Master II (1990)", "2254": "Puppet Master III: Toulon's Revenge (1991)", "2255": "Puppet Master 4 (1993)", "2256": "Puppet Master 5: The Final Chapter (1994)", "2257": "Curse of the Puppet Master (1998)", "2258": "Story of G.I. Joe, The (1945)", "2259": "Blazing Saddles (1974)", "2260": "Benji the Hunted (1987)", "2261": "For the Love of Benji (1977)", "2262": "White Christmas (1954)", "2263": "Eraserhead (1977)", "2264": "Baraka (1992)", "2265": "Man with the Golden Arm, The (1955)", "2266": "Decline of Western Civilization, The (1981)", "2267": "Decline of Western Civilization Part II: The Metal Years, The (1988)", "2268": "For a Few Dollars More (1965)", "2269": "Magnum Force (1973)", "2270": "Blood Simple (1984)", "2271": "Fabulous Baker Boys, The (1989)", "2272": "Prizzi's Honor (1985)", "2273": "Porky's (1981)", "2274": "Porky's II: The Next Day (1983)", "2275": "Porky's Revenge (1985)", "2276": "Private School (1983)", "2277": "Class of Nuke 'Em High (1986)", "2278": "Toxic Avenger, The (1985)", "2279": "Toxic Avenger Part III: The Last Temptation of Toxie, The (1989)", "2280": "Night of the Creeps (1986)", "2281": "Predator 2 (1990)", "2282": "Brother from Another Planet, The (1984)", "2283": "Alien Nation (1988)", "2284": "Mad Max (1979)", "2285": "Mad Max 2 (a.k.a. The Road Warrior) (1981)", "2286": "Mad Max Beyond Thunderdome (1985)", "2287": "Angel Heart (1987)", "2288": "Sleepwalkers (1992)", "2289": "Sarafina! (1992)", "2290": "Soapdish (1991)", "2291": "Long Walk Home, The (1990)", "2292": "Clara's Heart (1988)", "2293": "Burglar (1987)", "2294": "Fatal Beauty (1987)", "2295": "American Pimp (1999)", "2296": "Trixie (1999)", "2297": "American Pop (1981)", "2298": "Near Dark (1987)", "2299": "Conversation, The (1974)", "2300": "Cutter's Way (1981)", "2301": "Fury, The (1978)", "2302": "Paper Chase, The (1973)", "2303": "Serpico (1973)", "2304": "Lonely Are the Brave (1962)", "2305": "Sugarland Express, The (1974)", "2306": "Big Trouble in Little China (1986)", "2307": "Titan A.E. (2000)", "2308": "Jesus' Son (1999)", "2309": "Match, The (1999)", "2310": "Time Regained (Le Temps Retrouv\u0439) (1999)", "2311": "Boricua's Bond (2000)", "2312": "Chicken Run (2000)", "2313": "Adventures of Rocky and Bullwinkle, The (2000)", "2314": "Perfect Storm, The (2000)", "2315": "Golden Bowl, The (2000)", "2316": "Fun and Fancy Free (1947)", "2317": "Kentucky Fried Movie, The (1977)", "2318": "Blood In, Blood Out (a.k.a. Bound by Honor) (1993)", "2319": "F/X (1986)", "2320": "Missing in Action (1984)", "2321": "Missing in Action 2: The Beginning (1985)", "2322": "Braddock: Missing in Action III (1988)", "2323": "Thunderbolt and Lightfoot (1974)", "2324": "Golden Voyage of Sinbad, The (1974)", "2325": "House Party 2 (1991)", "2326": "Make Mine Music (1946)", "2327": "Melody Time (1948)", "2328": "Nekromantik (1987)", "2329": "On Our Merry Way (1948)", "2330": "Rocketship X-M (1950)", "2331": "Shaft in Africa (1973)", "2332": "Shaft's Big Score! (1972)", "2333": "Croupier (1998)", "2334": "Scary Movie (2000)", "2335": "But I'm a Cheerleader (1999)", "2336": "Blowup (1966)", "2337": "Pawnbroker, The (1965)", "2338": "Duel in the Sun (1946)", "2339": "X-Men (2000)", "2340": "Chuck & Buck (2000)", "2341": "Wisdom of Crocodiles, The (a.k.a. Immortality) (2000)", "2342": "Criminal Lovers (Les Amants Criminels) (1999)", "2343": "Anatomy of a Murder (1959)", "2344": "Freejack (1992)", "2345": "Greaser's Palace (1972)", "2346": "H.O.T.S. (1979)", "2347": "Knightriders (1981)", "2348": "Sinbad and the Eye of the Tiger (1977)", "2349": "What About Bob? (1991)", "2350": "White Sands (1992)", "2351": "Breaker Morant (1980)", "2352": "Interiors (1978)", "2353": "Love and Death (1975)", "2354": "Official Story, The (La Historia Oficial) (1985)", "2355": "Other Side of Sunday, The (S\u0448ndagsengler) (1996)", "2356": "Tampopo (1986)", "2357": "Thomas and the Magic Railroad (2000)", "2358": "Nutty Professor II: The Klumps (2000)", "2359": "Girl on the Bridge, The (La Fille sur le Pont) (1999)", "2360": "Autumn in New York (2000)", "2361": "Coyote Ugly (2000)", "2362": "Hollow Man (2000)", "2363": "Space Cowboys (2000)", "2364": "Better Living (1998)", "2365": "Mad About Mambo (2000)", "2366": "Psycho Beach Party (2000)", "2367": "Black Sabbath (Tre Volti Della Paura, I) (1963)", "2368": "Brain That Wouldn't Die, The (1962)", "2369": "Bronco Billy (1980)", "2370": "Kelly's Heroes (1970)", "2371": "Phantasm II (1988)", "2372": "Phantasm III: Lord of the Dead (1994)", "2373": "Phantasm IV: Oblivion (1998)", "2374": "Pumpkinhead (1988)", "2375": "Air America (1990)", "2376": "Sleepaway Camp (1983)", "2377": "Ilsa, She Wolf of the SS (1974)", "2378": "Silent Fall (1994)", "2379": "I'm the One That I Want (2000)", "2380": "Tao of Steve, The (2000)", "2381": "Tic Code, The (1998)", "2382": "Aim\u0439e & Jaguar (1999)", "2383": "Affair of Love, An (Une Liaison Pornographique) (1999)", "2384": "Cecil B. Demented (2000)", "2385": "Eyes of Tammy Faye, The (2000)", "2386": "Opportunists, The (1999)", "2387": "Replacements, The (2000)", "2388": "About Adam (2000)", "2389": "Cell, The (2000)", "2390": "Godzilla 2000 (Gojira ni-sen mireniamu) (1999)", "2391": "Original Kings of Comedy, The (2000)", "2392": "Naked Gun: From the Files of Police Squad!, The (1988)", "2393": "Cat Ballou (1965)", "2394": "Couch in New York, A (1996)", "2395": "Devil Rides Out, The (1968)", "2396": "Art of War, The (2000)", "2397": "Ballad of Ramblin' Jack, The (2000)", "2398": "Bittersweet Motel (2000)", "2399": "Bring It On (2000)", "2400": "Catfish in Black Bean Sauce (2000)", "2401": "Love & Sex (2000)", "2402": "Steal This Movie! (2000)", "2403": "Skipped Parts (2000)", "2404": "Highlander: Endgame (2000)", "2405": "Anatomy (Anatomie) (2000)", "2406": "Nurse Betty (2000)", "2407": "Solas (1999)", "2408": "Way of the Gun, The (2000)", "2409": "Almost Famous (2000)", "2410": "Crime and Punishment in Suburbia (2000)", "2411": "Duets (2000)", "2412": "Goya in Bordeaux (Goya en Bodeos) (1999)", "2413": "Urbania (2000)", "2414": "Specials, The (2000)", "2415": "Prince of Central Park, The (1999)", "2416": "Urban Legends: Final Cut (2000)", "2417": "Woman on Top (2000)", "2418": "Dancer in the Dark (2000)", "2419": "Best in Show (2000)", "2420": "Barenaked in America (1999)", "2421": "Girlfight (2000)", "2422": "Remember the Titans (2000)", "2423": "Hellraiser (1987)", "2424": "Hellbound: Hellraiser II (1988)", "2425": "Hellraiser III: Hell on Earth (1992)", "2426": "Beach Party (1963)", "2427": "Return of the Fly (1959)", "2428": "Pajama Party (1964)", "2429": "Stranger Than Paradise (1984)", "2430": "Voyage to the Bottom of the Sea (1961)", "2431": "Fantastic Voyage (1966)", "2432": "Abbott and Costello Meet Frankenstein (1948)", "2433": "Bank Dick, The (1940)", "2434": "Giant Gila Monster, The (1959)", "2435": "Killer Shrews, The (1959)", "2436": "Slumber Party Massacre, The (1982)", "2437": "Sorority House Massacre (1986)", "2438": "Sorority House Massacre II (1990)", "2439": "Bamboozled (2000)", "2440": "Bootmen (2000)", "2441": "Digimon: The Movie (2000)", "2442": "Requiem for a Dream (2000)", "2443": "Tigerland (2000)", "2444": "Two Family House (2000)"}